customer_loan_id,customer_id,loan_product_id,loan_product_name,loan_category,loan_purpose,loan_status,disbursement_date,disbursed_amount,outstanding_principal,interest_rate,original_tenure_months,remaining_tenure_months,emi_amount,emi_due_date,last_payment_date,collateral_provided,account_id
LOAN00001,CUST00001,LN001,Personal Loan,Personal,General,Active,2024-08-12,462559,79751.55,13.0,29,5,18672.36,1,2026-07-24,No,ACC00001
LOAN00002,CUST00005,LN014,Overdraft Facility,Personal,Emergency / Short Term,Active,2024-11-14,204233,85097.08,13.5,12,5,18289.48,23,2026-08-14,No,ACC00005
LOAN00003,CUST00007,LN005,Two-Wheeler Loan,Two-Wheeler,General,Active,2022-08-06,133726,76414.86,15.5,35,20,4773.45,12,2026-07-14,Yes,ACC00007
LOAN00004,CUST00008,LN003,New Car Loan,Auto,New Vehicle Purchase,Active,2022-05-07,8788231,5511263.51,8.75,59,37,183817.92,4,2026-08-02,Yes,ACC00009
LOAN00005,CUST00010,LN001,Personal Loan,Personal,General,Active,2019-11-22,1453308,101393.58,13.0,43,3,42458.42,3,2026-07-27,No,ACC00011
LOAN00006,CUST00016,LN001,Personal Loan,Personal,General,Active,2019-01-11,2291365,747184.24,13.0,46,15,63514.31,21,2026-08-10,No,ACC00018
LOAN00007,CUST00018,LN005,Two-Wheeler Loan,Two-Wheeler,General,Active,2024-04-20,319048,12761.92,15.5,25,1,15014.68,21,2026-08-01,Yes,ACC00021
LOAN00008,CUST00024,LN012,Agriculture / Kisan Credit Card,Agriculture,Agriculture / Crop Production,Active,2024-10-08,906240,120832.0,7.5,15,2,63480.71,3,2026-08-14,No,ACC00028
LOAN00009,CUST00025,LN008,Business Loan,Business,Business Expansion / Working Capital,Active,2018-09-29,9360542,8442841.8,13.5,51,46,242203.46,24,2026-07-29,No,ACC00029
LOAN00010,CUST00026,LN005,Two-Wheeler Loan,Two-Wheeler,General,Active,2024-03-22,413094,327032.75,15.5,24,19,20127.82,17,2026-08-10,Yes,ACC00030
LOAN00011,CUST00027,LN005,Two-Wheeler Loan,Two-Wheeler,General,Active,2020-04-29,232318,143490.53,15.5,34,21,8486.08,27,2026-08-10,Yes,ACC00031
LOAN00012,CUST00028,LN003,New Car Loan,Auto,New Vehicle Purchase,Active,2023-03-14,6614561,3180077.4,8.75,52,25,153296.72,19,2026-07-24,Yes,ACC00032
LOAN00013,CUST00029,LN001,Personal Loan,Personal,General,Active,2017-02-17,2225140,1946997.5,13.0,24,21,105787.21,18,2026-08-10,No,ACC00033
LOAN00014,CUST00030,LN004,Used Car Loan,Auto,General,Active,2022-04-18,1872171,216019.73,12.5,52,6,46812.9,11,2026-07-22,Yes,ACC00034
LOAN00015,CUST00031,LN001,Personal Loan,Personal,General,Active,2017-11-29,1836850,768913.95,13.0,43,18,53663.6,26,2026-08-07,No,ACC00035
LOAN00016,CUST00036,LN005,Two-Wheeler Loan,Two-Wheeler,General,Active,2024-12-31,158379,33938.36,15.5,14,3,12439.17,25,2026-07-25,Yes,ACC00040
LOAN00017,CUST00037,LN008,Business Loan,Business,Business Expansion / Working Capital,Active,2020-07-18,27469541,23054793.34,13.5,56,47,663826.82,23,2026-08-16,No,ACC00041
LOAN00018,CUST00042,LN009,Working Capital Finance,Business,Working Capital,Active,2015-10-28,103382013,51691006.5,11.5,12,6,9161202.65,20,2026-08-14,Yes,ACC00048
LOAN00019,CUST00046,LN008,Business Loan,Business,Business Expansion / Working Capital,Active,2022-03-14,3659319,2386512.39,13.5,46,30,102338.41,19,2026-08-03,No,ACC00052
LOAN00020,CUST00047,LN005,Two-Wheeler Loan,Two-Wheeler,General,Active,2021-06-01,71111,3950.61,15.5,18,1,4453.0,20,2026-07-22,Yes,ACC00053
LOAN00021,CUST00048,LN014,Overdraft Facility,Personal,Emergency / Short Term,Active,2023-03-04,494995,288747.08,13.5,12,7,44327.81,21,2026-07-17,No,ACC00055
LOAN00022,CUST00049,LN001,Personal Loan,Personal,General,Active,2020-02-10,245565,37066.42,13.0,53,8,6114.42,28,2026-07-31,No,ACC00056
LOAN00023,CUST00051,LN001,Personal Loan,Personal,General,Active,2023-12-06,459728,340832.83,13.0,58,43,10717.1,1,2026-07-31,No,ACC00058
LOAN00024,CUST00055,LN002,Home Loan,Home,Home Purchase / Construction,Active,2022-05-05,1131480,571232.62,8.7,103,52,15630.64,19,2026-07-18,Yes,ACC00062
LOAN00025,CUST00056,LN003,New Car Loan,Auto,New Vehicle Purchase,Active,2020-09-12,4006553,1271921.59,8.75,63,20,79545.32,16,2026-08-09,Yes,ACC00063
LOAN00026,CUST00057,LN012,Agriculture / Kisan Credit Card,Agriculture,Agriculture / Crop Production,Active,2019-05-26,513838,304819.15,7.5,59,35,10440.21,22,2026-08-11,No,ACC00064
LOAN00027,CUST00058,LN014,Overdraft Facility,Personal,Emergency / Short Term,Active,2021-09-22,259492,43248.67,13.5,12,2,23238.03,14,2026-07-26,No,ACC00065
LOAN00028,CUST00059,LN014,Overdraft Facility,Personal,Emergency / Short Term,Active,2022-12-18,263627,153782.42,13.5,12,7,23608.33,12,2026-07-19,No,ACC00066
LOAN00029,CUST00060,LN009,Working Capital Finance,Business,Working Capital,Active,2024-02-24,14004046,8169026.83,11.5,12,7,1240969.29,25,2026-08-01,Yes,ACC00067
LOAN00030,CUST00065,LN004,Used Car Loan,Auto,General,Active,2023-05-31,650967,287927.71,12.5,52,23,16277.17,4,2026-07-17,Yes,ACC00073
LOAN00031,CUST00066,LN001,Personal Loan,Personal,General,Active,2025-08-29,1442986,1175766.37,13.0,27,22,61927.52,8,2026-07-23,No,ACC00074
LOAN00032,CUST00069,LN014,Overdraft Facility,Personal,Emergency / Short Term,Active,2020-03-26,399640,99910.0,13.5,12,3,35788.57,15,2026-08-08,No,ACC00077
LOAN00033,CUST00073,LN004,Used Car Loan,Auto,General,Active,2021-09-22,1440239,81522.96,12.5,53,3,35500.08,25,2026-08-11,Yes,ACC00081
LOAN00034,CUST00074,LN009,Working Capital Finance,Business,Working Capital,Active,2025-09-21,45416595,34062446.25,11.5,12,9,4024594.01,5,2026-07-26,Yes,ACC00082
LOAN00035,CUST00079,LN004,Used Car Loan,Auto,General,Active,2019-04-16,554150,327966.33,12.5,49,29,14497.4,9,2026-08-08,Yes,ACC00087
LOAN00036,CUST00080,LN005,Two-Wheeler Loan,Two-Wheeler,General,Active,2025-08-24,356247,160311.15,15.5,20,9,20326.22,8,2026-08-16,Yes,ACC00088
LOAN00037,CUST00085,LN005,Two-Wheeler Loan,Two-Wheeler,General,Active,2021-09-29,107516,31214.32,15.5,31,9,4230.91,1,2026-07-17,Yes,ACC00093
LOAN00038,CUST00090,LN008,Business Loan,Business,Business Expansion / Working Capital,Active,2020-07-11,23049720,16464085.71,13.5,14,10,1788690.08,18,2026-07-23,No,ACC00098
LOAN00039,CUST00091,LN014,Overdraft Facility,Personal,Emergency / Short Term,Active,2024-04-05,357067,89266.75,13.5,12,3,31976.07,12,2026-08-07,No,ACC00099
LOAN00040,CUST00092,LN007,Gold Loan,Gold,Personal / Emergency,Active,2023-07-15,1825623,507117.5,8.5,18,5,108384.91,18,2026-07-19,Yes,ACC00100
LOAN00041,CUST00094,LN003,New Car Loan,Auto,New Vehicle Purchase,Active,2025-03-25,10560369,9463187.81,8.75,77,69,179719.57,3,2026-08-03,Yes,ACC00102
LOAN00042,CUST00096,LN003,New Car Loan,Auto,New Vehicle Purchase,Active,2022-10-04,4430840,354467.2,8.75,50,4,106069.48,9,2026-08-02,Yes,ACC00104
LOAN00043,CUST00099,LN004,Used Car Loan,Auto,General,Active,2019-07-21,2875740,460118.4,12.5,25,4,131251.48,14,2026-08-08,Yes,ACC00107
LOAN00044,CUST00101,LN001,Personal Loan,Personal,General,Active,2023-11-25,1917061,594949.97,13.0,29,9,77386.98,1,2026-08-02,No,ACC00109
LOAN00045,CUST00104,LN004,Used Car Loan,Auto,General,Active,2024-05-10,3075074,2498497.62,12.5,48,39,81735.46,1,2026-08-01,Yes,ACC00113
LOAN00046,CUST00105,LN009,Working Capital Finance,Business,Working Capital,Active,2022-12-21,23388078,13643045.5,11.5,12,7,2072535.79,3,2026-08-09,Yes,ACC00114
LOAN00047,CUST00106,LN014,Overdraft Facility,Personal,Emergency / Short Term,Active,2021-12-01,393998,98499.5,13.5,12,3,35283.32,1,2026-07-20,No,ACC00115
LOAN00048,CUST00107,LN004,Used Car Loan,Auto,General,Active,2025-03-08,1292163,1159633.46,12.5,39,35,40486.76,22,2026-08-06,Yes,ACC00116
LOAN00049,CUST00109,LN004,Used Car Loan,Auto,General,Active,2020-06-26,3943225,1577290.0,12.5,15,6,285317.96,5,2026-07-16,Yes,ACC00118
LOAN00050,CUST00112,LN008,Business Loan,Business,Business Expansion / Working Capital,Active,2019-08-09,29180485,11672194.0,13.5,50,20,766249.64,20,2026-07-20,No,ACC00121
LOAN00051,CUST00113,LN008,Business Loan,Business,Business Expansion / Working Capital,Active,2022-10-03,6142983,3139746.87,13.5,45,23,174718.52,24,2026-07-23,No,ACC00122
LOAN00052,CUST00117,LN001,Personal Loan,Personal,General,Active,2025-02-04,944140,613691.0,13.0,40,26,29211.45,21,2026-07-17,No,ACC00126
LOAN00053,CUST00121,LN014,Overdraft Facility,Personal,Emergency / Short Term,Active,2024-10-27,239482,179611.5,13.5,12,9,21446.1,6,2026-08-02,No,ACC00131
LOAN00054,CUST00125,LN005,Two-Wheeler Loan,Two-Wheeler,General,Active,2024-12-31,319433,242769.08,15.5,25,19,15032.8,5,2026-08-03,Yes,ACC00137
LOAN00055,CUST00129,LN001,Personal Loan,Personal,General,Active,2024-10-24,1601353,1040879.45,13.0,40,26,49545.45,4,2026-07-29,No,ACC00141
LOAN00056,CUST00131,LN002,Home Loan,Home,Home Purchase / Construction,Active,2021-12-12,2227479,1566196.17,8.7,192,135,21527.39,25,2026-08-16,Yes,ACC00143
LOAN00057,CUST00138,LN009,Working Capital Finance,Business,Working Capital,Active,2023-08-08,22756727,7585575.67,11.5,12,4,2016588.59,12,2026-07-20,Yes,ACC00150
LOAN00058,CUST00139,LN001,Personal Loan,Personal,General,Active,2025-03-22,907374,430618.17,13.0,59,28,20894.61,1,2026-07-31,No,ACC00151
LOAN00059,CUST00140,LN014,Overdraft Facility,Personal,Emergency / Short Term,Active,2025-05-12,86267,43133.5,13.5,12,6,7725.38,20,2026-07-21,No,ACC00152
LOAN00060,CUST00142,LN009,Working Capital Finance,Business,Working Capital,Active,2022-10-27,30222157,10074052.33,11.5,12,4,2678138.07,22,2026-07-19,Yes,ACC00155
LOAN00061,CUST00143,LN013,Tractor Loan,Agriculture,Tractor / Farm Equipment,Active,2024-09-29,1103338,929126.74,9.5,19,16,62776.38,7,2026-07-17,Yes,ACC00157
LOAN00062,CUST00144,LN005,Two-Wheeler Loan,Two-Wheeler,General,Active,2022-08-23,476188,39682.33,15.5,48,4,13373.67,27,2026-07-24,Yes,ACC00158
LOAN00063,CUST00147,LN009,Working Capital Finance,Business,Working Capital,Active,2017-07-06,45716223,26667796.75,11.5,12,7,4051145.56,4,2026-07-21,Yes,ACC00161
LOAN00064,CUST00148,LN003,New Car Loan,Auto,New Vehicle Purchase,Active,2017-12-18,3114112,1453252.27,8.75,15,7,219923.16,3,2026-08-13,Yes,ACC00163
LOAN00065,CUST00149,LN004,Used Car Loan,Auto,General,Active,2019-03-30,3725542,894130.08,12.5,50,12,95970.31,22,2026-07-14,Yes,ACC00164
LOAN00066,CUST00153,LN005,Two-Wheeler Loan,Two-Wheeler,General,Active,2023-07-12,311251,152006.3,15.5,43,21,9479.16,23,2026-07-16,Yes,ACC00168
LOAN00067,CUST00158,LN002,Home Loan,Home,Home Purchase / Construction,Active,2025-09-23,4734141,4345698.66,8.7,195,179,45428.59,11,2026-07-15,Yes,ACC00173
LOAN00068,CUST00163,LN003,New Car Loan,Auto,New Vehicle Purchase,Active,2023-12-31,9887281,3076042.98,8.75,45,14,258525.52,3,2026-07-26,Yes,ACC00178
LOAN00069,CUST00164,LN009,Working Capital Finance,Business,Working Capital,Active,2025-12-18,14322778,5967824.17,11.5,12,5,1269213.74,15,2026-07-31,Yes,ACC00179
LOAN00070,CUST00165,LN005,Two-Wheeler Loan,Two-Wheeler,General,Active,2024-08-02,301879,144901.92,15.5,25,12,14206.69,26,2026-07-26,Yes,ACC00181
LOAN00071,CUST00167,LN004,Used Car Loan,Auto,General,Active,2024-06-13,1433399,114671.92,12.5,25,2,65421.68,5,2026-07-23,Yes,ACC00183
LOAN00072,CUST00169,LN001,Personal Loan,Personal,General,Active,2021-08-15,2297241,417680.18,13.0,22,4,117919.19,28,2026-08-05,No,ACC00185
LOAN00073,CUST00172,LN009,Working Capital Finance,Business,Working Capital,Active,2024-11-15,12731832,1060986.0,11.5,12,1,1128231.98,26,2026-07-30,Yes,ACC00188
LOAN00074,CUST00175,LN003,New Car Loan,Auto,New Vehicle Purchase,Active,2022-10-23,1349057,885318.66,8.75,64,42,26454.0,28,2026-08-16,Yes,ACC00191
LOAN00075,CUST00177,LN013,Tractor Loan,Agriculture,Tractor / Farm Equipment,Active,2024-12-31,1370204,1191481.74,9.5,46,40,35655.7,22,2026-08-13,Yes,ACC00193
LOAN00076,CUST00180,LN001,Personal Loan,Personal,General,Active,2024-10-14,2681972,574708.29,13.0,42,9,79821.1,24,2026-07-25,No,ACC00196
LOAN00077,CUST00183,LN005,Two-Wheeler Loan,Two-Wheeler,General,Active,2021-01-20,496706,397364.8,15.5,30,24,20076.8,25,2026-08-01,Yes,ACC00199
LOAN00078,CUST00184,LN007,Gold Loan,Gold,Personal / Emergency,Active,2023-02-02,192012,27430.29,8.5,14,2,14454.9,25,2026-07-24,Yes,ACC00200
LOAN00079,CUST00191,LN013,Tractor Loan,Agriculture,Tractor / Farm Equipment,Active,2023-11-15,1029678,286021.67,9.5,18,5,61602.67,28,2026-07-22,Yes,ACC00207
LOAN00080,CUST00193,LN014,Overdraft Facility,Personal,Emergency / Short Term,Active,2025-05-30,61854,10309.0,13.5,12,2,5539.15,6,2026-08-14,No,ACC00209
LOAN00081,CUST00195,LN014,Overdraft Facility,Personal,Emergency / Short Term,Active,2021-07-21,469663,117415.75,13.5,12,3,42059.27,13,2026-07-18,No,ACC00211
LOAN00082,CUST00198,LN001,Personal Loan,Personal,General,Active,2025-03-29,2055313,1881133.93,13.0,59,54,47328.83,6,2026-08-03,No,ACC00214
LOAN00083,CUST00203,LN014,Overdraft Facility,Personal,Emergency / Short Term,Active,2025-11-27,257651,150296.42,13.5,12,7,23073.17,8,2026-07-26,No,ACC00219
LOAN00084,CUST00206,LN004,Used Car Loan,Auto,General,Active,2021-02-16,681397,52415.15,12.5,13,1,56316.28,16,2026-08-13,Yes,ACC00222
LOAN00085,CUST00209,LN003,New Car Loan,Auto,New Vehicle Purchase,Active,2017-09-12,2594257,471683.09,8.75,22,4,128060.25,1,2026-08-02,Yes,ACC00225
LOAN00086,CUST00211,LN003,New Car Loan,Auto,New Vehicle Purchase,Active,2025-05-22,4361273,4137617.97,8.75,78,74,73511.62,1,2026-07-17,Yes,ACC00227
LOAN00087,CUST00213,LN002,Home Loan,Home,Home Purchase / Construction,Active,2020-10-29,15932662,14131578.47,8.7,345,306,125929.38,5,2026-08-02,Yes,ACC00229
LOAN00088,CUST00214,LN008,Business Loan,Business,Business Expansion / Working Capital,Active,2017-05-31,316895,288933.68,13.5,34,31,11268.04,23,2026-08-09,No,ACC00230
LOAN00089,CUST00215,LN001,Personal Loan,Personal,General,Active,2023-11-03,160501,122736.06,13.0,34,26,5668.49,18,2026-08-05,No,ACC00231
LOAN00090,CUST00218,LN003,New Car Loan,Auto,New Vehicle Purchase,Active,2024-05-28,10246426,4430886.92,8.75,37,16,316967.26,14,2026-07-24,Yes,ACC00235
LOAN00091,CUST00220,LN014,Overdraft Facility,Personal,Emergency / Short Term,Active,2019-03-25,34210,25657.5,13.5,12,9,3063.57,9,2026-08-13,No,ACC00237
LOAN00092,CUST00223,LN003,New Car Loan,Auto,New Vehicle Purchase,Active,2022-11-05,12521861,9324790.11,8.75,47,35,315638.44,1,2026-07-21,Yes,ACC00240
LOAN00093,CUST00225,LN014,Overdraft Facility,Personal,Emergency / Short Term,Active,2024-05-27,212938,141958.67,13.5,12,8,19069.03,20,2026-08-10,No,ACC00243
LOAN00094,CUST00226,LN008,Business Loan,Business,Business Expansion / Working Capital,Active,2023-05-21,7962864,5414747.52,13.5,50,34,209096.65,12,2026-08-15,No,ACC00244
LOAN00095,CUST00228,LN012,Agriculture / Kisan Credit Card,Agriculture,Agriculture / Crop Production,Active,2023-06-19,677510,548460.48,7.5,21,17,34526.47,6,2026-07-18,No,ACC00247
LOAN00096,CUST00231,LN001,Personal Loan,Personal,General,Active,2022-11-06,1451672,193556.27,13.0,30,4,56936.82,24,2026-08-05,No,ACC00250
LOAN00097,CUST00232,LN013,Tractor Loan,Agriculture,Tractor / Farm Equipment,Active,2018-09-01,1066569,627393.53,9.5,17,10,67303.5,10,2026-08-08,Yes,ACC00251
LOAN00098,CUST00233,LN008,Business Loan,Business,Business Expansion / Working Capital,Active,2021-03-24,37971039,21906368.65,13.5,52,30,968491.77,17,2026-07-22,No,ACC00252
LOAN00099,CUST00234,LN005,Two-Wheeler Loan,Two-Wheeler,General,Active,2025-09-21,451642,192188.09,15.5,47,20,12879.66,25,2026-07-15,Yes,ACC00254
LOAN00100,CUST00237,LN008,Business Loan,Business,Business Expansion / Working Capital,Active,2024-06-08,5232606,3139563.6,13.5,45,27,148825.61,7,2026-07-16,No,ACC00257
LOAN00101,CUST00238,LN001,Personal Loan,Personal,General,Active,2022-04-12,464095,83299.1,13.0,39,7,14653.61,24,2026-07-30,No,ACC00258
LOAN00102,CUST00239,LN008,Business Loan,Business,Business Expansion / Working Capital,Active,2020-04-16,16712236,9495588.64,13.5,44,25,483643.65,15,2026-07-17,No,ACC00260
LOAN00103,CUST00240,LN007,Gold Loan,Gold,Personal / Emergency,Active,2023-11-06,4764162,1488800.62,8.5,16,5,316004.05,13,2026-08-05,Yes,ACC00261
LOAN00104,CUST00244,LN003,New Car Loan,Auto,New Vehicle Purchase,Active,2019-02-18,4568519,2520562.21,8.75,58,32,96876.77,24,2026-07-29,Yes,ACC00265
LOAN00105,CUST00245,LN004,Used Car Loan,Auto,General,Active,2024-07-20,1813771,1303647.91,12.5,32,23,66942.92,20,2026-07-15,Yes,ACC00266
LOAN00106,CUST00246,LN003,New Car Loan,Auto,New Vehicle Purchase,Active,2024-02-26,10701595,10207675.23,8.75,65,62,207315.15,14,2026-07-24,Yes,ACC00267
LOAN00107,CUST00250,LN014,Overdraft Facility,Personal,Emergency / Short Term,Active,2023-09-07,53069,22112.08,13.5,12,5,4752.44,14,2026-07-28,No,ACC00272
LOAN00108,CUST00254,LN004,Used Car Loan,Auto,General,Active,2023-10-21,4515082,250837.89,12.5,36,2,151045.86,12,2026-07-27,Yes,ACC00276
LOAN00109,CUST00255,LN003,New Car Loan,Auto,New Vehicle Purchase,Active,2024-07-08,5532437,1464468.62,8.75,34,9,184311.17,23,2026-08-05,Yes,ACC00277
LOAN00110,CUST00256,LN003,New Car Loan,Auto,New Vehicle Purchase,Active,2018-04-28,6331899,603038.0,8.75,21,2,326288.79,12,2026-07-23,Yes,ACC00279
LOAN00111,CUST00258,LN003,New Car Loan,Auto,New Vehicle Purchase,Active,2024-06-25,7964717,7126325.74,8.75,38,34,240733.51,25,2026-08-09,Yes,ACC00281
LOAN00112,CUST00259,LN003,New Car Loan,Auto,New Vehicle Purchase,Active,2022-12-15,4978080,3685072.21,8.75,77,57,84718.48,1,2026-08-05,Yes,ACC00283
LOAN00113,CUST00260,LN004,Used Car Loan,Auto,General,Active,2022-12-06,3569997,984826.76,12.5,29,8,143267.04,8,2026-07-23,Yes,ACC00284
LOAN00114,CUST00262,LN004,Used Car Loan,Auto,General,Active,2016-09-23,1788012,1144327.68,12.5,50,32,46059.36,13,2026-08-01,Yes,ACC00286
LOAN00115,CUST00264,LN004,Used Car Loan,Auto,General,Active,2020-05-22,404937,83780.07,12.5,58,12,9337.03,25,2026-08-09,Yes,ACC00289
LOAN00116,CUST00268,LN008,Business Loan,Business,Business Expansion / Working Capital,Active,2026-01-10,35981057,33634466.33,13.5,46,43,1006264.83,7,2026-08-07,No,ACC00294
LOAN00117,CUST00270,LN014,Overdraft Facility,Personal,Emergency / Short Term,Active,2024-03-04,424934,106233.5,13.5,12,3,38053.7,22,2026-08-04,No,ACC00297
LOAN00118,CUST00273,LN003,New Car Loan,Auto,New Vehicle Purchase,Active,2023-05-05,1849257,1490445.94,8.75,67,54,34988.26,2,2026-07-28,Yes,ACC00301
LOAN00119,CUST00277,LN003,New Car Loan,Auto,New Vehicle Purchase,Active,2025-11-24,1237908,1138076.71,8.75,62,57,24889.85,21,2026-07-14,Yes,ACC00305
LOAN00120,CUST00281,LN005,Two-Wheeler Loan,Two-Wheeler,General,Active,2022-06-02,415519,138506.33,15.5,21,7,22718.09,23,2026-08-14,Yes,ACC00309
LOAN00121,CUST00285,LN005,Two-Wheeler Loan,Two-Wheeler,General,Active,2026-03-21,387276,279699.33,15.5,18,13,24251.36,24,2026-07-20,Yes,ACC00315
LOAN00122,CUST00287,LN002,Home Loan,Home,Home Purchase / Construction,Active,2021-05-06,7022861,453087.81,8.7,62,4,141033.95,1,2026-08-02,Yes,ACC00317
LOAN00123,CUST00289,LN014,Overdraft Facility,Personal,Emergency / Short Term,Active,2025-12-10,437598,255265.5,13.5,12,7,39187.79,21,2026-07-18,No,ACC00319
LOAN00124,CUST00291,LN005,Two-Wheeler Loan,Two-Wheeler,General,Active,2023-05-16,251064,45062.77,15.5,39,7,8235.18,21,2026-08-14,Yes,ACC00321
LOAN00125,CUST00293,LN005,Two-Wheeler Loan,Two-Wheeler,General,Active,2023-11-02,151535,121228.0,15.5,20,16,8646.06,11,2026-07-29,Yes,ACC00324
LOAN00126,CUST00294,LN014,Overdraft Facility,Personal,Emergency / Short Term,Active,2025-03-11,37084,15451.67,13.5,12,5,3320.95,7,2026-07-17,No,ACC00325
LOAN00127,CUST00295,LN004,Used Car Loan,Auto,General,Active,2023-06-17,1638409,1186434.1,12.5,29,21,65750.76,16,2026-07-30,Yes,ACC00326
LOAN00128,CUST00298,LN005,Two-Wheeler Loan,Two-Wheeler,General,Active,2023-04-20,479813,68544.71,15.5,14,2,37684.76,3,2026-07-27,Yes,ACC00329
LOAN00129,CUST00302,LN003,New Car Loan,Auto,New Vehicle Purchase,Active,2022-06-15,5355003,2975001.67,8.75,18,10,318532.34,4,2026-07-30,Yes,ACC00334
LOAN00130,CUST00304,LN005,Two-Wheeler Loan,Two-Wheeler,General,Active,2020-12-24,208857,21984.95,15.5,19,2,12466.95,13,2026-07-28,Yes,ACC00337
LOAN00131,CUST00309,LN002,Home Loan,Home,Home Purchase / Construction,Active,2021-10-13,3582868,3251413.25,8.7,227,206,32228.68,26,2026-08-17,Yes,ACC00343
LOAN00132,CUST00310,LN014,Overdraft Facility,Personal,Emergency / Short Term,Active,2021-08-30,441036,294024.0,13.5,12,8,39495.67,21,2026-07-25,No,ACC00344
LOAN00133,CUST00312,LN001,Personal Loan,Personal,General,Active,2023-10-20,2524581,1950812.59,13.0,44,34,72438.41,14,2026-07-14,No,ACC00346
LOAN00134,CUST00315,LN004,Used Car Loan,Auto,General,Active,2026-01-05,1378724,892115.53,12.5,17,11,88914.67,9,2026-08-10,Yes,ACC00349
LOAN00135,CUST00321,LN005,Two-Wheeler Loan,Two-Wheeler,General,Active,2023-02-16,303383,65596.32,15.5,37,8,10366.22,2,2026-07-14,Yes,ACC00355
LOAN00136,CUST00322,LN001,Personal Loan,Personal,General,Active,2025-07-21,1294513,105674.53,13.0,49,4,34187.6,28,2026-08-02,No,ACC00356
LOAN00137,CUST00324,LN004,Used Car Loan,Auto,General,Active,2023-08-20,2101783,1261069.8,12.5,35,21,71970.24,4,2026-08-02,Yes,ACC00358
LOAN00138,CUST00325,LN002,Home Loan,Home,Home Purchase / Construction,Active,2021-09-12,2706995,2411272.86,8.7,119,106,34031.98,23,2026-07-16,Yes,ACC00359
LOAN00139,CUST00328,LN014,Overdraft Facility,Personal,Emergency / Short Term,Active,2021-11-19,429812,322359.0,13.5,12,9,38490.54,4,2026-07-28,No,ACC00362
LOAN00140,CUST00329,LN006,Education Loan,Education,Education,Active,2021-05-29,183825,99571.88,10.5,24,13,8525.08,26,2026-08-04,No,ACC00363
LOAN00141,CUST00330,LN003,New Car Loan,Auto,New Vehicle Purchase,Active,2025-07-22,3714800,3311017.39,8.75,46,41,95347.11,23,2026-07-24,Yes,ACC00364
LOAN00142,CUST00332,LN004,Used Car Loan,Auto,General,Active,2024-04-27,3497433,2040169.25,12.5,48,28,92961.77,27,2026-07-30,Yes,ACC00366
LOAN00143,CUST00334,LN014,Overdraft Facility,Personal,Emergency / Short Term,Active,2015-12-27,195653,32608.83,13.5,12,2,17521.12,12,2026-07-21,No,ACC00369
LOAN00144,CUST00336,LN002,Home Loan,Home,Home Purchase / Construction,Active,2025-01-06,3132146,3090197.62,8.7,224,221,28323.71,4,2026-07-22,Yes,ACC00372
LOAN00145,CUST00338,LN007,Gold Loan,Gold,Personal / Emergency,Active,2022-05-05,2375767,950306.8,8.5,15,6,167507.37,11,2026-07-20,Yes,ACC00374
LOAN00146,CUST00340,LN014,Overdraft Facility,Personal,Emergency / Short Term,Active,2025-07-12,486834,365125.5,13.5,12,9,43596.97,19,2026-07-29,No,ACC00376
LOAN00147,CUST00343,LN014,Overdraft Facility,Personal,Emergency / Short Term,Active,2025-10-07,374653,62442.17,13.5,12,2,33550.94,19,2026-07-28,No,ACC00379
LOAN00148,CUST00347,LN003,New Car Loan,Auto,New Vehicle Purchase,Active,2021-10-05,2308584,1240433.19,8.75,67,36,43678.81,17,2026-07-17,Yes,ACC00383
LOAN00149,CUST00348,LN008,Business Loan,Business,Business Expansion / Working Capital,Active,2025-04-28,7706968,5137978.67,13.5,15,10,561246.18,12,2026-07-20,No,ACC00384
LOAN00150,CUST00351,LN013,Tractor Loan,Agriculture,Tractor / Farm Equipment,Active,2025-01-14,907808,726246.4,9.5,45,36,24058.74,6,2026-07-17,Yes,ACC00388
LOAN00151,CUST00352,LN008,Business Loan,Business,Business Expansion / Working Capital,Active,2023-07-26,6940520,3943477.27,13.5,44,25,200855.14,2,2026-07-30,No,ACC00389
LOAN00152,CUST00355,LN008,Business Loan,Business,Business Expansion / Working Capital,Active,2023-07-05,14746171,6071952.76,13.5,34,14,524338.92,28,2026-08-05,No,ACC00393
LOAN00153,CUST00357,LN012,Agriculture / Kisan Credit Card,Agriculture,Agriculture / Crop Production,Active,2023-06-04,764763,310039.05,7.5,37,15,23215.42,13,2026-08-07,No,ACC00395
LOAN00154,CUST00359,LN014,Overdraft Facility,Personal,Emergency / Short Term,Active,2025-07-16,174069,87034.5,13.5,12,6,15588.23,14,2026-07-24,No,ACC00397
LOAN00155,CUST00362,LN003,New Car Loan,Auto,New Vehicle Purchase,Active,2021-08-31,6432270,2184544.53,8.75,53,18,146757.79,14,2026-07-14,Yes,ACC00400
LOAN00156,CUST00372,LN004,Used Car Loan,Auto,General,Active,2022-11-15,1962054,150927.23,12.5,13,1,162160.36,21,2026-08-16,Yes,ACC00410
LOAN00157,CUST00374,LN014,Overdraft Facility,Personal,Emergency / Short Term,Active,2025-01-21,121759,20293.17,13.5,12,2,10903.77,13,2026-08-13,No,ACC00412
LOAN00158,CUST00378,LN003,New Car Loan,Auto,New Vehicle Purchase,Active,2017-10-15,14656847,771413.0,8.75,19,1,828887.45,28,2026-08-14,Yes,ACC00417
LOAN00159,CUST00379,LN008,Business Loan,Business,Business Expansion / Working Capital,Active,2020-10-30,14550940,2020963.89,13.5,36,5,493790.33,24,2026-08-12,No,ACC00418
LOAN00160,CUST00380,LN014,Overdraft Facility,Personal,Emergency / Short Term,Active,2025-08-01,213811,142540.67,13.5,12,8,19147.21,25,2026-07-19,No,ACC00419
LOAN00161,CUST00381,LN005,Two-Wheeler Loan,Two-Wheeler,General,Active,2017-09-10,44869,36950.94,15.5,17,14,2956.67,28,2026-07-23,Yes,ACC00420
LOAN00162,CUST00382,LN003,New Car Loan,Auto,New Vehicle Purchase,Active,2025-09-04,11821722,9457377.6,8.75,30,24,440156.77,7,2026-07-26,Yes,ACC00421
LOAN00163,CUST00383,LN008,Business Loan,Business,Business Expansion / Working Capital,Active,2024-09-03,15123890,14098541.53,13.5,59,55,352139.49,7,2026-07-29,No,ACC00422
LOAN00164,CUST00384,LN002,Home Loan,Home,Home Purchase / Construction,Active,2022-12-01,1785066,784347.18,8.7,66,29,34127.5,7,2026-07-31,Yes,ACC00423
LOAN00165,CUST00390,LN005,Two-Wheeler Loan,Two-Wheeler,General,Active,2025-01-03,35188,26391.0,15.5,12,9,3184.32,18,2026-07-29,Yes,ACC00429
LOAN00166,CUST00393,LN005,Two-Wheeler Loan,Two-Wheeler,General,Active,2024-03-01,31686,20163.82,15.5,22,14,1663.81,6,2026-07-27,Yes,ACC00432
LOAN00167,CUST00397,LN004,Used Car Loan,Auto,General,Active,2022-12-29,1880946,1015710.84,12.5,50,27,48453.35,15,2026-08-07,Yes,ACC00436
LOAN00168,CUST00399,LN003,New Car Loan,Auto,New Vehicle Purchase,Active,2024-09-04,3892190,3135375.28,8.75,36,29,123318.23,25,2026-07-23,Yes,ACC00439
LOAN00169,CUST00400,LN014,Overdraft Facility,Personal,Emergency / Short Term,Active,2020-10-07,112313,9359.42,13.5,12,1,10057.86,7,2026-07-20,No,ACC00440
LOAN00170,CUST00403,LN004,Used Car Loan,Auto,General,Active,2024-08-03,3494585,2391031.84,12.5,57,39,81609.72,8,2026-07-18,Yes,ACC00443
LOAN00171,CUST00405,LN001,Personal Loan,Personal,General,Active,2024-02-08,113668,40415.29,13.0,45,16,3204.88,28,2026-08-11,No,ACC00446
LOAN00172,CUST00408,LN005,Two-Wheeler Loan,Two-Wheeler,General,Active,2022-08-24,486287,180106.3,15.5,27,10,21448.32,2,2026-08-07,Yes,ACC00449
LOAN00173,CUST00409,LN002,Home Loan,Home,Home Purchase / Construction,Active,2024-08-29,2462575,1477545.0,8.7,100,60,34707.28,14,2026-07-18,Yes,ACC00450
LOAN00174,CUST00410,LN009,Working Capital Finance,Business,Working Capital,Active,2021-09-15,10265349,1710891.5,11.5,12,2,909664.45,6,2026-07-19,Yes,ACC00451
LOAN00175,CUST00411,LN004,Used Car Loan,Auto,General,Active,2025-11-24,4146560,1295800.0,12.5,16,5,282700.66,13,2026-08-06,Yes,ACC00452
LOAN00176,CUST00412,LN007,Gold Loan,Gold,Personal / Emergency,Active,2022-09-16,2163417,824158.86,8.5,21,8,111235.61,4,2026-08-09,Yes,ACC00453
LOAN00177,CUST00414,LN001,Personal Loan,Personal,General,Active,2021-07-13,946766,295864.38,13.0,16,5,64768.42,3,2026-07-17,No,ACC00455
LOAN00178,CUST00416,LN005,Two-Wheeler Loan,Two-Wheeler,General,Active,2022-05-17,305570,147516.55,15.5,29,14,12700.41,8,2026-08-01,Yes,ACC00457
LOAN00179,CUST00420,LN004,Used Car Loan,Auto,General,Active,2025-11-04,656009,151386.69,12.5,13,3,54218.01,23,2026-08-03,Yes,ACC00461
LOAN00180,CUST00421,LN007,Gold Loan,Gold,Personal / Emergency,Active,2023-07-25,1612160,586240.0,8.5,11,4,152862.07,4,2026-08-15,Yes,ACC00462
LOAN00181,CUST00422,LN014,Overdraft Facility,Personal,Emergency / Short Term,Active,2025-07-07,466075,155358.33,13.5,12,4,41737.96,15,2026-07-25,No,ACC00463
LOAN00182,CUST00425,LN009,Working Capital Finance,Business,Working Capital,Active,2023-10-11,7918898,5279265.33,11.5,12,8,701733.57,21,2026-07-24,Yes,ACC00466
LOAN00183,CUST00429,LN008,Business Loan,Business,Business Expansion / Working Capital,Active,2025-10-06,13237404,4672024.94,13.5,34,12,470690.74,10,2026-07-14,No,ACC00471
LOAN00184,CUST00430,LN005,Two-Wheeler Loan,Two-Wheeler,General,Active,2024-12-22,172736,65520.55,15.5,29,11,7179.43,1,2026-07-15,Yes,ACC00473
LOAN00185,CUST00431,LN003,New Car Loan,Auto,New Vehicle Purchase,Active,2022-04-12,184564,166107.6,8.75,70,63,3375.91,28,2026-07-14,Yes,ACC00474
LOAN00186,CUST00434,LN009,Working Capital Finance,Business,Working Capital,Active,2025-09-08,16081229,4020307.25,11.5,12,3,1425038.97,21,2026-07-20,Yes,ACC00477
LOAN00187,CUST00435,LN003,New Car Loan,Auto,New Vehicle Purchase,Active,2023-10-05,1555614,858269.79,8.75,29,16,59707.71,14,2026-07-28,Yes,ACC00478
LOAN00188,CUST00437,LN005,Two-Wheeler Loan,Two-Wheeler,General,Active,2024-08-18,304557,73093.68,15.5,25,6,14332.72,3,2026-07-23,Yes,ACC00480
LOAN00189,CUST00438,LN005,Two-Wheeler Loan,Two-Wheeler,General,Active,2025-10-20,72431,61287.77,15.5,26,22,3297.51,17,2026-08-02,Yes,ACC00481
LOAN00190,CUST00440,LN008,Business Loan,Business,Business Expansion / Working Capital,Active,2025-07-07,6637445,5721935.34,13.5,29,25,269513.33,16,2026-08-15,No,ACC00483
LOAN00191,CUST00441,LN001,Personal Loan,Personal,General,Active,2019-07-15,1958327,1774733.84,13.0,32,29,72744.6,14,2026-07-23,No,ACC00484
LOAN00192,CUST00443,LN002,Home Loan,Home,Home Purchase / Construction,Active,2023-09-23,6820275,5967740.62,8.7,88,77,105109.21,7,2026-08-10,Yes,ACC00486
LOAN00193,CUST00444,LN008,Business Loan,Business,Business Expansion / Working Capital,Active,2025-04-06,15474483,1105320.21,13.5,14,1,1200841.23,9,2026-07-29,No,ACC00487
LOAN00194,CUST00446,LN006,Education Loan,Education,Education,Active,2022-09-13,249782,5430.04,10.5,46,1,6619.36,5,2026-07-19,No,ACC00489
LOAN00195,CUST00447,LN002,Home Loan,Home,Home Purchase / Construction,Active,2021-06-09,4059251,3790014.96,8.7,196,183,38861.87,27,2026-07-28,Yes,ACC00490
LOAN00196,CUST00450,LN007,Gold Loan,Gold,Personal / Emergency,Active,2025-10-30,4764727,3403376.43,8.5,14,10,358694.54,24,2026-08-09,Yes,ACC00493
LOAN00197,CUST00453,LN001,Personal Loan,Personal,General,Active,2022-08-02,2191949,1761387.59,13.0,56,45,52413.5,2,2026-07-16,No,ACC00496
LOAN00198,CUST00456,LN004,Used Car Loan,Auto,General,Active,2020-07-04,3073055,463857.36,12.5,53,8,75746.93,6,2026-07-28,Yes,ACC00499
LOAN00199,CUST00458,LN008,Business Loan,Business,Business Expansion / Working Capital,Active,2022-09-28,7075477,4559751.84,13.5,45,29,201240.48,9,2026-08-06,No,ACC00501
LOAN00200,CUST00461,LN014,Overdraft Facility,Personal,Emergency / Short Term,Active,2023-07-11,148635,37158.75,13.5,12,3,13310.57,18,2026-07-27,No,ACC00506
LOAN00201,CUST00465,LN004,Used Car Loan,Auto,General,Active,2023-11-08,4604823,2437847.47,12.5,17,9,296967.57,4,2026-07-23,Yes,ACC00510
LOAN00202,CUST00468,LN009,Working Capital Finance,Business,Working Capital,Active,2025-09-11,13530943,3382735.75,11.5,12,3,1199045.24,20,2026-07-16,Yes,ACC00513
LOAN00203,CUST00478,LN005,Two-Wheeler Loan,Two-Wheeler,General,Active,2023-06-17,155198,30282.54,15.5,41,8,4899.53,22,2026-08-16,Yes,ACC00524
LOAN00204,CUST00479,LN008,Business Loan,Business,Business Expansion / Working Capital,Active,2019-03-04,23952887,17504032.81,13.5,52,38,610943.88,2,2026-08-11,No,ACC00525
LOAN00205,CUST00487,LN005,Two-Wheeler Loan,Two-Wheeler,General,Active,2024-11-12,382178,185924.43,15.5,37,18,13058.55,2,2026-07-31,Yes,ACC00535
LOAN00206,CUST00488,LN004,Used Car Loan,Auto,General,Active,2021-02-01,1667362,1111574.67,12.5,60,40,37512.21,22,2026-07-31,Yes,ACC00537
LOAN00207,CUST00489,LN009,Working Capital Finance,Business,Working Capital,Active,2022-09-30,49360657,12340164.25,11.5,12,3,4374097.28,1,2026-07-17,Yes,ACC00538
LOAN00208,CUST00490,LN008,Business Loan,Business,Business Expansion / Working Capital,Active,2022-04-22,2463914,1164759.35,13.5,55,26,60321.87,20,2026-07-31,No,ACC00539
LOAN00209,CUST00491,LN012,Agriculture / Kisan Credit Card,Agriculture,Agriculture / Crop Production,Active,2025-08-14,445905,111476.25,7.5,20,5,23787.24,24,2026-08-06,No,ACC00541
LOAN00210,CUST00494,LN004,Used Car Loan,Auto,General,Active,2022-08-20,3505548,233703.2,12.5,15,1,253649.19,5,2026-08-05,Yes,ACC00544
LOAN00211,CUST00496,LN014,Overdraft Facility,Personal,Emergency / Short Term,Active,2020-07-18,342272,114090.67,13.5,12,4,30651.15,4,2026-07-17,No,ACC00546
LOAN00212,CUST00499,LN008,Business Loan,Business,Business Expansion / Working Capital,Active,2023-10-03,15593812,4564042.54,13.5,41,12,476869.54,17,2026-07-25,No,ACC00550
LOAN00213,CUST00500,LN013,Tractor Loan,Agriculture,Tractor / Farm Equipment,Active,2018-02-03,1328517,954871.59,9.5,64,46,26539.3,20,2026-07-19,Yes,ACC00552
LOAN00214,CUST00505,LN001,Personal Loan,Personal,General,Active,2024-05-07,2596801,370971.57,13.0,14,2,200908.21,1,2026-08-05,No,ACC00558
LOAN00215,CUST00513,LN014,Overdraft Facility,Personal,Emergency / Short Term,Active,2022-12-18,130837,21806.17,13.5,12,2,11716.72,11,2026-08-07,No,ACC00569
LOAN00216,CUST00518,LN013,Tractor Loan,Agriculture,Tractor / Farm Equipment,Active,2023-01-13,1195741,865881.41,9.5,29,21,46308.83,28,2026-07-19,Yes,ACC00574
LOAN00217,CUST00519,LN005,Two-Wheeler Loan,Two-Wheeler,General,Active,2021-03-09,320657,263651.31,15.5,45,37,9440.78,4,2026-08-11,Yes,ACC00575
LOAN00218,CUST00523,LN002,Home Loan,Home,Home Purchase / Construction,Active,2023-10-26,7898218,6833919.12,8.7,141,122,89627.98,14,2026-07-20,Yes,ACC00579
LOAN00219,CUST00529,LN013,Tractor Loan,Agriculture,Tractor / Farm Equipment,Active,2017-02-10,681028,280423.29,9.5,34,14,22925.47,24,2026-08-08,Yes,ACC00587
LOAN00220,CUST00530,LN007,Gold Loan,Gold,Personal / Emergency,Active,2025-12-31,31338,22791.27,8.5,11,8,2971.41,23,2026-07-19,Yes,ACC00588
LOAN00221,CUST00531,LN008,Business Loan,Business,Business Expansion / Working Capital,Active,2021-09-20,9355305,1559217.5,13.5,12,2,837786.53,20,2026-08-14,No,ACC00589
LOAN00222,CUST00532,LN008,Business Loan,Business,Business Expansion / Working Capital,Active,2019-02-14,31486452,5247742.0,13.5,36,6,1068501.8,9,2026-07-14,No,ACC00590
LOAN00223,CUST00533,LN008,Business Loan,Business,Business Expansion / Working Capital,Active,2018-01-31,25581491,14617994.86,13.5,21,12,1374530.62,12,2026-08-02,No,ACC00591
LOAN00224,CUST00534,LN009,Working Capital Finance,Business,Working Capital,Active,2025-04-24,33582525,25186893.75,11.5,12,9,2975917.26,11,2026-08-03,Yes,ACC00592
LOAN00225,CUST00535,LN014,Overdraft Facility,Personal,Emergency / Short Term,Active,2023-02-19,156573,104382.0,13.5,12,8,14021.43,1,2026-08-10,No,ACC00593
LOAN00226,CUST00536,LN005,Two-Wheeler Loan,Two-Wheeler,General,Active,2020-01-09,88922,51698.84,15.5,43,25,2708.12,12,2026-08-05,Yes,ACC00594
LOAN00227,CUST00538,LN001,Personal Loan,Personal,General,Active,2015-10-07,1699117,298090.7,13.0,57,10,40110.03,23,2026-08-02,No,ACC00596
LOAN00228,CUST00544,LN004,Used Car Loan,Auto,General,Active,2022-12-15,3175972,2089455.26,12.5,38,25,101637.12,14,2026-07-17,Yes,ACC00602
LOAN00229,CUST00549,LN012,Agriculture / Kisan Credit Card,Agriculture,Agriculture / Crop Production,Active,2022-12-25,1337136,347655.36,7.5,50,13,31221.36,25,2026-07-16,No,ACC00608
LOAN00230,CUST00552,LN014,Overdraft Facility,Personal,Emergency / Short Term,Active,2025-09-22,415028,172928.33,13.5,12,5,37166.6,21,2026-07-19,No,ACC00611
LOAN00231,CUST00553,LN014,Overdraft Facility,Personal,Emergency / Short Term,Active,2019-02-07,237499,19791.58,13.5,12,1,21268.52,2,2026-07-20,No,ACC00612
LOAN00232,CUST00556,LN005,Two-Wheeler Loan,Two-Wheeler,General,Active,2021-08-29,81765,40882.5,15.5,28,14,3498.62,28,2026-07-24,Yes,ACC00616
LOAN00233,CUST00558,LN004,Used Car Loan,Auto,General,Active,2016-12-01,726777,313835.52,12.5,44,19,20675.5,11,2026-07-24,Yes,ACC00618
LOAN00234,CUST00559,LN009,Working Capital Finance,Business,Working Capital,Active,2021-02-05,2978543,744635.75,11.5,12,3,263943.75,5,2026-08-03,Yes,ACC00619
LOAN00235,CUST00562,LN004,Used Car Loan,Auto,General,Active,2024-07-21,881845,692878.21,12.5,14,11,68020.39,12,2026-07-22,Yes,ACC00622
LOAN00236,CUST00563,LN003,New Car Loan,Auto,New Vehicle Purchase,Active,2023-12-17,5084582,1894256.04,8.75,51,19,119740.43,27,2026-08-05,Yes,ACC00623
LOAN00237,CUST00566,LN006,Education Loan,Education,Education,Active,2021-06-28,219452,13715.75,10.5,16,1,14758.07,24,2026-07-24,No,ACC00626
LOAN00238,CUST00567,LN005,Two-Wheeler Loan,Two-Wheeler,General,Active,2022-11-24,147591,108522.79,15.5,34,25,5391.18,27,2026-08-08,Yes,ACC00627
LOAN00239,CUST00571,LN003,New Car Loan,Auto,New Vehicle Purchase,Active,2019-12-11,5459120,590175.14,8.75,37,4,168874.72,11,2026-08-15,Yes,ACC00631
LOAN00240,CUST00574,LN008,Business Loan,Business,Business Expansion / Working Capital,Active,2024-07-08,5643903,4104656.73,13.5,22,16,291029.29,12,2026-07-21,No,ACC00635
LOAN00241,CUST00579,LN003,New Car Loan,Auto,New Vehicle Purchase,Active,2023-07-29,6226669,3854604.62,8.75,21,13,320866.19,9,2026-07-28,Yes,ACC00640
LOAN00242,CUST00581,LN002,Home Loan,Home,Home Purchase / Construction,Active,2023-07-16,5438126,5268184.56,8.7,160,155,57540.08,8,2026-07-25,Yes,ACC00642
LOAN00243,CUST00586,LN008,Business Loan,Business,Business Expansion / Working Capital,Active,2024-07-09,19199732,11620890.42,13.5,38,23,623720.35,13,2026-08-08,No,ACC00648
LOAN00244,CUST00592,LN001,Personal Loan,Personal,General,Active,2022-07-12,150539,80287.47,13.0,15,8,10927.57,9,2026-08-13,No,ACC00656
LOAN00245,CUST00596,LN001,Personal Loan,Personal,General,Active,2024-12-23,3995528,2605779.13,13.0,23,15,197193.35,23,2026-08-10,No,ACC00660
LOAN00246,CUST00598,LN002,Home Loan,Home,Home Purchase / Construction,Active,2021-09-09,1188761,747478.51,8.7,132,83,14022.32,22,2026-07-31,Yes,ACC00662
LOAN00247,CUST00603,LN008,Business Loan,Business,Business Expansion / Working Capital,Active,2020-04-12,19609939,6033827.38,13.5,39,12,623943.69,28,2026-07-20,No,ACC00667
LOAN00248,CUST00604,LN001,Personal Loan,Personal,General,Active,2024-02-13,3560174,2924428.64,13.0,56,46,85130.26,25,2026-07-20,No,ACC00669
LOAN00249,CUST00607,LN012,Agriculture / Kisan Credit Card,Agriculture,Agriculture / Crop Production,Active,2022-10-10,1359624,747793.2,7.5,20,11,72530.46,13,2026-08-05,No,ACC00673
LOAN00250,CUST00609,LN008,Business Loan,Business,Business Expansion / Working Capital,Active,2020-11-16,2049942,1024971.0,13.5,12,6,183576.46,2,2026-08-06,No,ACC00676
LOAN00251,CUST00613,LN001,Personal Loan,Personal,General,Active,2025-06-12,1500369,966339.36,13.0,59,38,34549.83,8,2026-07-29,No,ACC00681
LOAN00252,CUST00614,LN008,Business Loan,Business,Business Expansion / Working Capital,Active,2020-06-07,2420220,232713.46,13.5,52,5,61730.29,15,2026-08-06,No,ACC00682
LOAN00253,CUST00615,LN002,Home Loan,Home,Home Purchase / Construction,Active,2022-04-25,8798816,7518988.22,8.7,165,141,91606.07,19,2026-08-13,Yes,ACC00684
LOAN00254,CUST00619,LN012,Agriculture / Kisan Credit Card,Agriculture,Agriculture / Crop Production,Active,2021-06-05,538903,235770.06,7.5,16,7,35498.63,15,2026-08-04,No,ACC00690
LOAN00255,CUST00620,LN009,Working Capital Finance,Business,Working Capital,Active,2018-07-15,4482958,1494319.33,11.5,12,4,397257.56,25,2026-07-20,Yes,ACC00691
LOAN00256,CUST00622,LN013,Tractor Loan,Agriculture,Tractor / Farm Equipment,Active,2023-12-22,1003604,826497.41,9.5,17,14,63330.23,19,2026-07-19,Yes,ACC00693
LOAN00257,CUST00625,LN005,Two-Wheeler Loan,Two-Wheeler,General,Active,2017-04-23,87906,57593.59,15.5,29,19,3653.64,7,2026-07-20,Yes,ACC00696
LOAN00258,CUST00628,LN009,Working Capital Finance,Business,Working Capital,Active,2024-07-08,29686275,9895425.0,11.5,12,4,2630650.86,15,2026-07-22,Yes,ACC00700
LOAN00259,CUST00629,LN005,Two-Wheeler Loan,Two-Wheeler,General,Active,2024-01-22,283909,70977.25,15.5,12,3,25692.18,26,2026-08-13,Yes,ACC00702
LOAN00260,CUST00631,LN014,Overdraft Facility,Personal,Emergency / Short Term,Active,2022-06-04,472314,157438.0,13.5,12,4,42296.68,22,2026-08-11,No,ACC00704
LOAN00261,CUST00632,LN004,Used Car Loan,Auto,General,Active,2021-03-20,3356639,68502.84,12.5,49,1,87814.72,5,2026-07-26,Yes,ACC00705
LOAN00262,CUST00634,LN002,Home Loan,Home,Home Purchase / Construction,Active,2024-08-15,2021560,1835241.11,8.7,217,197,18518.31,18,2026-07-14,Yes,ACC00707
LOAN00263,CUST00636,LN013,Tractor Loan,Agriculture,Tractor / Farm Equipment,Active,2025-04-01,441724,299741.29,9.5,28,19,17651.0,20,2026-07-26,Yes,ACC00709
LOAN00264,CUST00638,LN004,Used Car Loan,Auto,General,Active,2020-04-07,2277609,1265338.33,12.5,36,20,76194.28,18,2026-08-01,Yes,ACC00711
LOAN00265,CUST00644,LN008,Business Loan,Business,Business Expansion / Working Capital,Active,2023-06-26,9641725,6819756.71,13.5,41,29,294850.61,26,2026-08-02,No,ACC00718
LOAN00266,CUST00646,LN008,Business Loan,Business,Business Expansion / Working Capital,Active,2024-09-08,2179095,378973.04,13.5,23,4,108057.68,10,2026-07-21,No,ACC00720
LOAN00267,CUST00648,LN013,Tractor Loan,Agriculture,Tractor / Farm Equipment,Active,2024-02-23,666370,526081.58,9.5,76,60,11702.3,25,2026-08-15,Yes,ACC00722
LOAN00268,CUST00650,LN001,Personal Loan,Personal,General,Active,2024-09-25,3447782,1567173.64,13.0,22,10,176977.36,19,2026-08-09,No,ACC00724
LOAN00269,CUST00651,LN005,Two-Wheeler Loan,Two-Wheeler,General,Active,2022-03-03,334558,31862.67,15.5,21,2,18291.63,26,2026-07-14,Yes,ACC00726
LOAN00270,CUST00653,LN001,Personal Loan,Personal,General,Active,2025-04-09,2624274,1385033.5,13.0,36,19,88422.16,9,2026-07-14,No,ACC00729
LOAN00271,CUST00654,LN003,New Car Loan,Auto,New Vehicle Purchase,Active,2024-12-30,2323739,290467.38,8.75,56,7,50691.3,10,2026-07-30,Yes,ACC00730
LOAN00272,CUST00656,LN001,Personal Loan,Personal,General,Active,2024-09-19,943886,307311.72,13.0,43,14,27575.65,22,2026-07-14,No,ACC00732
LOAN00273,CUST00661,LN008,Business Loan,Business,Business Expansion / Working Capital,Active,2023-09-05,9686301,2473098.13,13.5,47,12,266486.92,15,2026-07-30,No,ACC00737
LOAN00274,CUST00663,LN002,Home Loan,Home,Home Purchase / Construction,Active,2023-08-02,1501406,1384413.32,8.7,308,284,12204.14,23,2026-07-14,Yes,ACC00739
LOAN00275,CUST00664,LN008,Business Loan,Business,Business Expansion / Working Capital,Active,2021-07-26,33213961,13048341.82,13.5,56,22,802646.03,12,2026-08-17,No,ACC00740
LOAN00276,CUST00666,LN005,Two-Wheeler Loan,Two-Wheeler,General,Active,2020-01-09,467124,270440.21,15.5,38,22,15633.05,12,2026-07-26,Yes,ACC00742
LOAN00277,CUST00668,LN013,Tractor Loan,Agriculture,Tractor / Farm Equipment,Active,2024-12-25,497207,213088.71,9.5,42,18,13961.61,25,2026-07-15,Yes,ACC00744
LOAN00278,CUST00670,LN003,New Car Loan,Auto,New Vehicle Purchase,Active,2020-03-10,3204828,1805536.9,8.75,71,40,57987.15,17,2026-07-26,Yes,ACC00746
LOAN00279,CUST00671,LN013,Tractor Loan,Agriculture,Tractor / Farm Equipment,Active,2023-03-30,1691491,520458.77,9.5,39,12,50581.14,25,2026-08-03,Yes,ACC00747
LOAN00280,CUST00673,LN004,Used Car Loan,Auto,General,Active,2020-10-31,3601919,3390041.41,12.5,51,48,91397.87,9,2026-08-02,Yes,ACC00749
LOAN00281,CUST00674,LN005,Two-Wheeler Loan,Two-Wheeler,General,Active,2025-10-08,134854,8428.38,15.5,16,1,9383.41,3,2026-07-15,Yes,ACC00750
LOAN00282,CUST00676,LN001,Personal Loan,Personal,General,Active,2025-11-03,3037024,2727123.59,13.0,49,44,80206.66,15,2026-07-17,No,ACC00752
LOAN00283,CUST00677,LN004,Used Car Loan,Auto,General,Active,2025-09-01,179755,76259.7,12.5,33,14,6464.92,16,2026-07-17,Yes,ACC00754
LOAN00284,CUST00678,LN014,Overdraft Facility,Personal,Emergency / Short Term,Active,2026-03-03,336534,224356.0,13.5,12,8,30137.3,19,2026-07-18,No,ACC00755
LOAN00285,CUST00679,LN009,Working Capital Finance,Business,Working Capital,Active,2024-01-14,1560583,520194.33,11.5,12,4,138291.15,9,2026-07-17,Yes,ACC00756
LOAN00286,CUST00680,LN014,Overdraft Facility,Personal,Emergency / Short Term,Active,2023-03-04,439431,109857.75,13.5,12,3,39351.94,6,2026-07-31,No,ACC00757
LOAN00287,CUST00682,LN005,Two-Wheeler Loan,Two-Wheeler,General,Active,2017-10-02,66889,51785.03,15.5,31,24,2632.18,15,2026-07-29,Yes,ACC00759
LOAN00288,CUST00684,LN005,Two-Wheeler Loan,Two-Wheeler,General,Active,2023-02-19,372513,131475.18,15.5,17,6,24546.97,10,2026-07-15,Yes,ACC00761
LOAN00289,CUST00686,LN009,Working Capital Finance,Business,Working Capital,Active,2024-11-17,11836261,3945420.33,11.5,12,4,1048870.91,11,2026-07-21,Yes,ACC00763
LOAN00290,CUST00688,LN014,Overdraft Facility,Personal,Emergency / Short Term,Active,2024-04-09,227080,94616.67,13.5,12,5,20335.47,14,2026-08-12,No,ACC00765
LOAN00291,CUST00690,LN008,Business Loan,Business,Business Expansion / Working Capital,Active,2017-08-09,9994885,249872.12,13.5,40,1,311675.39,8,2026-07-29,No,ACC00767
LOAN00292,CUST00692,LN008,Business Loan,Business,Business Expansion / Working Capital,Active,2022-06-22,2825009,1101274.69,13.5,59,23,65776.54,10,2026-08-10,No,ACC00770
LOAN00293,CUST00693,LN003,New Car Loan,Auto,New Vehicle Purchase,Active,2020-05-21,3558951,699079.66,8.75,56,11,77636.88,15,2026-07-30,Yes,ACC00772
LOAN00294,CUST00697,LN005,Two-Wheeler Loan,Two-Wheeler,General,Active,2024-10-19,243143,20261.92,15.5,24,2,11847.03,28,2026-08-08,Yes,ACC00776
LOAN00295,CUST00702,LN001,Personal Loan,Personal,General,Active,2021-01-20,2232300,1240166.67,13.0,27,15,95801.91,6,2026-07-16,No,ACC00782
LOAN00296,CUST00703,LN004,Used Car Loan,Auto,General,Active,2019-04-08,3025202,1790425.67,12.5,49,29,79143.83,10,2026-08-01,Yes,ACC00783
LOAN00297,CUST00704,LN014,Overdraft Facility,Personal,Emergency / Short Term,Active,2024-09-02,461285,76880.83,13.5,12,2,41309.01,11,2026-08-10,No,ACC00784
LOAN00298,CUST00705,LN004,Used Car Loan,Auto,General,Active,2023-05-16,3335346,1539390.46,12.5,26,12,147100.25,16,2026-08-02,Yes,ACC00785
LOAN00299,CUST00708,LN008,Business Loan,Business,Business Expansion / Working Capital,Active,2024-11-04,2891301,1321737.6,13.5,35,16,100394.61,27,2026-08-16,No,ACC00788
LOAN00300,CUST00714,LN004,Used Car Loan,Auto,General,Active,2019-01-21,4287785,168148.43,12.5,51,2,108801.57,4,2026-07-24,Yes,ACC00795
LOAN00301,CUST00717,LN009,Working Capital Finance,Business,Working Capital,Active,2026-05-02,27856040,20892030.0,11.5,12,9,2468464.49,23,2026-08-13,Yes,ACC00799
LOAN00302,CUST00718,LN008,Business Loan,Business,Business Expansion / Working Capital,Active,2024-03-15,6472334,4314889.33,13.5,27,18,279298.87,2,2026-07-30,No,ACC00800
LOAN00303,CUST00719,LN007,Gold Loan,Gold,Personal / Emergency,Active,2023-11-03,134651,38471.71,8.5,7,2,19784.72,20,2026-07-22,Yes,ACC00802
LOAN00304,CUST00720,LN009,Working Capital Finance,Business,Working Capital,Active,2025-08-02,7964190,4645777.5,11.5,12,7,705747.13,11,2026-08-14,Yes,ACC00803
LOAN00305,CUST00721,LN014,Overdraft Facility,Personal,Emergency / Short Term,Active,2025-05-19,47813,3984.42,13.5,12,1,4281.75,21,2026-07-22,No,ACC00805
LOAN00306,CUST00722,LN005,Two-Wheeler Loan,Two-Wheeler,General,Active,2025-07-20,439990,21999.5,15.5,20,1,25104.31,1,2026-07-18,Yes,ACC00806
LOAN00307,CUST00723,LN001,Personal Loan,Personal,General,Active,2019-09-25,289798,159888.55,13.0,29,16,11698.42,24,2026-08-16,No,ACC00807
LOAN00308,CUST00727,LN005,Two-Wheeler Loan,Two-Wheeler,General,Active,2025-02-28,210433,6189.21,15.5,34,1,7686.66,24,2026-07-19,Yes,ACC00811
LOAN00309,CUST00729,LN004,Used Car Loan,Auto,General,Active,2022-02-18,4766861,1191715.25,12.5,56,14,112780.42,6,2026-07-21,Yes,ACC00813
LOAN00310,CUST00733,LN001,Personal Loan,Personal,General,Active,2025-10-04,3109325,1472838.16,13.0,19,9,181949.97,17,2026-07-14,No,ACC00818
LOAN00311,CUST00735,LN004,Used Car Loan,Auto,General,Active,2025-09-18,1055168,131896.0,12.5,40,5,32390.61,1,2026-07-15,Yes,ACC00820
LOAN00312,CUST00738,LN005,Two-Wheeler Loan,Two-Wheeler,General,Active,2024-08-24,213031,129340.25,15.5,28,17,9115.33,22,2026-08-03,Yes,ACC00823
LOAN00313,CUST00746,LN012,Agriculture / Kisan Credit Card,Agriculture,Agriculture / Crop Production,Active,2018-07-08,1608635,670264.58,7.5,48,20,38895.03,8,2026-07-30,No,ACC00832
LOAN00314,CUST00750,LN014,Overdraft Facility,Personal,Emergency / Short Term,Active,2025-08-21,433755,108438.75,13.5,12,3,38843.64,7,2026-08-02,No,ACC00836
LOAN00315,CUST00751,LN003,New Car Loan,Auto,New Vehicle Purchase,Active,2022-03-14,5902008,1298441.76,8.75,50,11,141287.63,2,2026-07-30,Yes,ACC00838
LOAN00316,CUST00753,LN006,Education Loan,Education,Education,Active,2024-01-30,199516,158504.38,10.5,180,143,2205.45,28,2026-07-23,No,ACC00841
LOAN00317,CUST00758,LN014,Overdraft Facility,Personal,Emergency / Short Term,Active,2024-04-14,427167,142389.0,13.5,12,4,38253.67,1,2026-08-04,No,ACC00846
LOAN00318,CUST00759,LN002,Home Loan,Home,Home Purchase / Construction,Active,2024-04-21,6323420,4232611.77,8.7,124,83,77479.6,26,2026-07-30,Yes,ACC00847
LOAN00319,CUST00760,LN001,Personal Loan,Personal,General,Active,2022-01-25,2883306,720826.5,13.0,48,12,77351.88,14,2026-07-17,No,ACC00848
LOAN00320,CUST00762,LN005,Two-Wheeler Loan,Two-Wheeler,General,Active,2019-11-05,346996,289163.33,15.5,24,20,16907.22,18,2026-08-10,Yes,ACC00850
LOAN00321,CUST00771,LN007,Gold Loan,Gold,Personal / Emergency,Active,2022-08-12,3028863,232989.46,8.5,13,1,244704.91,19,2026-07-25,Yes,ACC00861
LOAN00322,CUST00772,LN002,Home Loan,Home,Home Purchase / Construction,Active,2025-03-03,8523088,6742144.24,8.7,67,53,161049.65,12,2026-08-04,Yes,ACC00863
LOAN00323,CUST00774,LN003,New Car Loan,Auto,New Vehicle Purchase,Active,2024-07-23,1001944,412565.18,8.75,34,14,33379.41,10,2026-07-29,Yes,ACC00865
LOAN00324,CUST00776,LN008,Business Loan,Business,Business Expansion / Working Capital,Active,2022-08-02,16034915,12026186.25,13.5,40,30,500024.59,26,2026-07-16,No,ACC00868
LOAN00325,CUST00785,LN005,Two-Wheeler Loan,Two-Wheeler,General,Active,2023-08-01,360409,270306.75,15.5,20,15,20563.69,11,2026-07-26,Yes,ACC00878
LOAN00326,CUST00787,LN001,Personal Loan,Personal,General,Active,2021-11-13,1563182,1181918.1,13.0,41,31,47421.19,4,2026-07-23,No,ACC00881
LOAN00327,CUST00792,LN003,New Car Loan,Auto,New Vehicle Purchase,Active,2015-10-13,6335277,1583819.25,8.75,76,19,108874.65,26,2026-07-24,Yes,ACC00886
LOAN00328,CUST00797,LN005,Two-Wheeler Loan,Two-Wheeler,General,Active,2024-12-18,314644,224745.71,15.5,14,10,24712.3,15,2026-07-24,Yes,ACC00892
LOAN00329,CUST00798,LN003,New Car Loan,Auto,New Vehicle Purchase,Active,2025-12-03,218951,167433.12,8.75,34,26,7294.27,7,2026-07-27,Yes,ACC00893
LOAN00330,CUST00799,LN004,Used Car Loan,Auto,General,Active,2024-01-16,1589732,124684.86,12.5,51,4,40339.09,28,2026-08-15,Yes,ACC00894
LOAN00331,CUST00803,LN005,Two-Wheeler Loan,Two-Wheeler,General,Active,2021-08-16,304636,240502.11,15.5,38,30,10195.13,13,2026-07-31,Yes,ACC00898
LOAN00332,CUST00807,LN001,Personal Loan,Personal,General,Active,2021-01-13,3777613,2385860.84,13.0,19,12,221056.52,6,2026-07-30,No,ACC00902
LOAN00333,CUST00809,LN014,Overdraft Facility,Personal,Emergency / Short Term,Active,2025-05-15,392518,294388.5,13.5,12,9,35150.78,21,2026-07-28,No,ACC00904
LOAN00334,CUST00810,LN013,Tractor Loan,Agriculture,Tractor / Farm Equipment,Active,2025-06-20,248405,30109.7,9.5,66,8,4846.77,13,2026-07-15,Yes,ACC00905
LOAN00335,CUST00811,LN014,Overdraft Facility,Personal,Emergency / Short Term,Active,2024-08-09,237808,39634.67,13.5,12,2,21296.19,27,2026-07-18,No,ACC00906
LOAN00336,CUST00814,LN003,New Car Loan,Auto,New Vehicle Purchase,Active,2024-12-14,12149896,4628531.81,8.75,63,24,241221.66,10,2026-08-12,Yes,ACC00909
LOAN00337,CUST00815,LN005,Two-Wheeler Loan,Two-Wheeler,General,Active,2021-12-05,361900,247615.79,15.5,38,26,12111.56,10,2026-07-30,Yes,ACC00910
LOAN00338,CUST00817,LN014,Overdraft Facility,Personal,Emergency / Short Term,Active,2025-10-11,416869,69478.17,13.5,12,2,37331.46,6,2026-07-17,No,ACC00912
LOAN00339,CUST00818,LN002,Home Loan,Home,Home Purchase / Construction,Active,2020-10-06,11361102,6106592.33,8.7,80,43,187656.8,3,2026-07-14,Yes,ACC00913
LOAN00340,CUST00819,LN007,Gold Loan,Gold,Personal / Emergency,Active,2023-09-27,1109123,138640.38,8.5,24,3,50415.93,23,2026-07-17,Yes,ACC00914
LOAN00341,CUST00821,LN005,Two-Wheeler Loan,Two-Wheeler,General,Active,2021-11-29,26365,732.36,15.5,36,1,920.42,17,2026-07-20,Yes,ACC00916
LOAN00342,CUST00822,LN014,Overdraft Facility,Personal,Emergency / Short Term,Active,2025-12-07,347181,173590.5,13.5,12,6,31090.76,13,2026-08-16,No,ACC00917
LOAN00343,CUST00823,LN008,Business Loan,Business,Business Expansion / Working Capital,Active,2022-06-11,10533939,1560583.56,13.5,27,4,454568.2,16,2026-07-26,No,ACC00918
LOAN00344,CUST00825,LN014,Overdraft Facility,Personal,Emergency / Short Term,Active,2025-06-06,125392,10449.33,13.5,12,1,11229.11,12,2026-07-24,No,ACC00920
LOAN00345,CUST00826,LN005,Two-Wheeler Loan,Two-Wheeler,General,Active,2023-08-27,115650,32125.0,15.5,18,5,7242.04,19,2026-08-05,Yes,ACC00921
LOAN00346,CUST00827,LN008,Business Loan,Business,Business Expansion / Working Capital,Active,2020-04-19,1426366,125855.82,13.5,34,3,50718.2,16,2026-07-16,No,ACC00922
LOAN00347,CUST00829,LN013,Tractor Loan,Agriculture,Tractor / Farm Equipment,Active,2020-01-17,1015024,371698.93,9.5,71,26,18743.39,14,2026-07-20,Yes,ACC00924
LOAN00348,CUST00830,LN005,Two-Wheeler Loan,Two-Wheeler,General,Active,2023-02-23,358248,219571.35,15.5,31,19,14097.56,18,2026-08-14,Yes,ACC00925
LOAN00349,CUST00831,LN005,Two-Wheeler Loan,Two-Wheeler,General,Active,2025-08-19,139765,40906.83,15.5,41,12,4412.32,26,2026-08-08,Yes,ACC00926
LOAN00350,CUST00834,LN001,Personal Loan,Personal,General,Active,2020-12-24,1023517,784696.37,13.0,30,23,40143.92,9,2026-07-16,No,ACC00929
LOAN00351,CUST00836,LN009,Working Capital Finance,Business,Working Capital,Active,2024-04-03,20854494,12165121.5,11.5,12,7,1848022.11,28,2026-07-25,Yes,ACC00931
LOAN00352,CUST00837,LN004,Used Car Loan,Auto,General,Active,2024-12-25,152718,32394.73,12.5,33,7,5492.53,19,2026-08-02,Yes,ACC00932
LOAN00353,CUST00838,LN003,New Car Loan,Auto,New Vehicle Purchase,Active,2023-07-05,2146530,1847646.08,8.75,79,68,35840.63,18,2026-08-02,Yes,ACC00933
LOAN00354,CUST00841,LN014,Overdraft Facility,Personal,Emergency / Short Term,Active,2022-08-31,285924,190616.0,13.5,12,8,25605.07,5,2026-08-07,No,ACC00936
LOAN00355,CUST00845,LN004,Used Car Loan,Auto,General,Active,2019-09-08,778581,591721.56,12.5,25,19,35535.17,8,2026-07-17,Yes,ACC00940
LOAN00356,CUST00846,LN004,Used Car Loan,Auto,General,Active,2024-06-09,4786704,4273842.86,12.5,28,25,197977.26,22,2026-08-17,Yes,ACC00941
LOAN00357,CUST00848,LN003,New Car Loan,Auto,New Vehicle Purchase,Active,2023-11-27,2963095,311904.74,8.75,19,2,167571.67,18,2026-08-01,Yes,ACC00944
LOAN00358,CUST00851,LN014,Overdraft Facility,Personal,Emergency / Short Term,Active,2025-12-12,140042,93361.33,13.5,12,8,12541.05,19,2026-07-24,No,ACC00947
LOAN00359,CUST00857,LN014,Overdraft Facility,Personal,Emergency / Short Term,Active,2022-06-29,84588,56392.0,13.5,12,8,7575.03,20,2026-07-21,No,ACC00953
LOAN00360,CUST00859,LN014,Overdraft Facility,Personal,Emergency / Short Term,Active,2024-07-31,342939,200047.75,13.5,12,7,30710.88,3,2026-07-19,No,ACC00955
LOAN00361,CUST00860,LN003,New Car Loan,Auto,New Vehicle Purchase,Active,2024-10-01,331448,180789.82,8.75,22,12,16361.26,25,2026-08-17,Yes,ACC00956
LOAN00362,CUST00861,LN005,Two-Wheeler Loan,Two-Wheeler,General,Active,2023-04-10,242764,13872.23,15.5,35,2,8665.65,5,2026-07-21,Yes,ACC00957
LOAN00363,CUST00864,LN007,Gold Loan,Gold,Personal / Emergency,Active,2024-12-25,3350638,670127.6,8.5,5,1,684434.82,17,2026-07-18,Yes,ACC00960
LOAN00364,CUST00865,LN002,Home Loan,Home,Home Purchase / Construction,Active,2024-11-27,1306577,758657.61,8.7,62,36,26238.84,13,2026-07-24,Yes,ACC00961
LOAN00365,CUST00866,LN007,Gold Loan,Gold,Personal / Emergency,Active,2020-07-24,2459161,737748.3,8.5,20,6,132307.39,21,2026-08-11,Yes,ACC00962
LOAN00366,CUST00871,LN003,New Car Loan,Auto,New Vehicle Purchase,Active,2022-03-09,10724762,3785210.12,8.75,17,6,673070.98,20,2026-08-15,Yes,ACC00967
LOAN00367,CUST00874,LN005,Two-Wheeler Loan,Two-Wheeler,General,Active,2024-10-22,226604,36889.02,15.5,43,7,6901.23,12,2026-08-10,Yes,ACC00970
LOAN00368,CUST00876,LN001,Personal Loan,Personal,General,Active,2025-11-16,3947767,2171271.85,13.0,20,11,220606.8,15,2026-07-15,No,ACC00972
LOAN00369,CUST00877,LN014,Overdraft Facility,Personal,Emergency / Short Term,Active,2025-09-04,346182,57697.0,13.5,12,2,31001.3,5,2026-08-13,No,ACC00973
LOAN00370,CUST00878,LN001,Personal Loan,Personal,General,Active,2015-10-08,3601516,2626105.42,13.0,48,35,96619.66,27,2026-07-18,No,ACC00974
LOAN00371,CUST00879,LN014,Overdraft Facility,Personal,Emergency / Short Term,Active,2024-07-12,143043,71521.5,13.5,12,6,12809.79,16,2026-07-25,No,ACC00976
LOAN00372,CUST00883,LN014,Overdraft Facility,Personal,Emergency / Short Term,Active,2025-07-21,377390,62898.33,13.5,12,2,33796.04,26,2026-08-16,No,ACC00981
LOAN00373,CUST00886,LN001,Personal Loan,Personal,General,Active,2020-10-28,2850883,2310198.29,13.0,58,47,66459.29,26,2026-07-26,No,ACC00985
LOAN00374,CUST00888,LN014,Overdraft Facility,Personal,Emergency / Short Term,Active,2024-01-03,227636,37939.33,13.5,12,2,20385.27,1,2026-08-12,No,ACC00987
LOAN00375,CUST00891,LN012,Agriculture / Kisan Credit Card,Agriculture,Agriculture / Crop Production,Active,2022-12-08,2073060,1360445.62,7.5,32,21,71678.8,19,2026-07-24,No,ACC00990
LOAN00376,CUST00896,LN003,New Car Loan,Auto,New Vehicle Purchase,Active,2024-10-04,10629598,8503678.4,8.75,30,24,395770.56,1,2026-07-22,Yes,ACC00995
LOAN00377,CUST00898,LN004,Used Car Loan,Auto,General,Active,2025-03-14,4910067,2021792.29,12.5,17,7,316652.92,22,2026-08-14,Yes,ACC00997
LOAN00378,CUST00903,LN005,Two-Wheeler Loan,Two-Wheeler,General,Active,2021-03-14,422805,348814.12,15.5,40,33,13601.47,10,2026-08-01,Yes,ACC01002
LOAN00379,CUST00906,LN008,Business Loan,Business,Business Expansion / Working Capital,Active,2025-07-17,469465,259704.04,13.5,47,26,12915.8,2,2026-07-18,No,ACC01005
LOAN00380,CUST00908,LN014,Overdraft Facility,Personal,Emergency / Short Term,Active,2025-04-15,286184,47697.33,13.5,12,2,25628.36,12,2026-07-26,No,ACC01007
LOAN00381,CUST00909,LN014,Overdraft Facility,Personal,Emergency / Short Term,Active,2017-05-02,187594,46898.5,13.5,12,3,16799.42,2,2026-08-05,No,ACC01008
LOAN00382,CUST00910,LN001,Personal Loan,Personal,General,Active,2025-10-11,770557,154111.4,13.0,40,8,23840.83,28,2026-08-01,No,ACC01009
LOAN00383,CUST00914,LN001,Personal Loan,Personal,General,Active,2024-09-27,2914318,1760733.79,13.0,48,29,78183.85,3,2026-08-09,No,ACC01014
LOAN00384,CUST00917,LN012,Agriculture / Kisan Credit Card,Agriculture,Agriculture / Crop Production,Active,2023-03-06,264884,72241.09,7.5,11,3,24992.75,23,2026-07-30,No,ACC01017
LOAN00385,CUST00919,LN014,Overdraft Facility,Personal,Emergency / Short Term,Active,2024-05-08,155829,77914.5,13.5,12,6,13954.8,15,2026-08-07,No,ACC01019
LOAN00386,CUST00926,LN008,Business Loan,Business,Business Expansion / Working Capital,Active,2023-02-12,22117322,539446.88,13.5,41,1,676362.98,16,2026-07-29,No,ACC01026
LOAN00387,CUST00931,LN014,Overdraft Facility,Personal,Emergency / Short Term,Active,2023-10-10,194609,145956.75,13.5,12,9,17427.63,28,2026-08-10,No,ACC01031
LOAN00388,CUST00933,LN001,Personal Loan,Personal,General,Active,2020-06-30,2324136,68356.94,13.0,34,1,82082.57,9,2026-08-17,No,ACC01034
LOAN00389,CUST00934,LN014,Overdraft Facility,Personal,Emergency / Short Term,Active,2020-01-31,36303,21176.75,13.5,12,7,3251.01,14,2026-08-02,No,ACC01035
LOAN00390,CUST00935,LN009,Working Capital Finance,Business,Working Capital,Active,2022-03-28,34003556,8500889.0,11.5,12,3,3013226.95,24,2026-07-14,Yes,ACC01036
LOAN00391,CUST00938,LN012,Agriculture / Kisan Credit Card,Agriculture,Agriculture / Crop Production,Active,2024-07-15,437957,336890.0,7.5,13,10,35181.26,15,2026-07-29,No,ACC01040
LOAN00392,CUST00939,LN014,Overdraft Facility,Personal,Emergency / Short Term,Active,2024-11-13,219825,164868.75,13.5,12,9,19685.77,10,2026-07-18,No,ACC01041
LOAN00393,CUST00942,LN014,Overdraft Facility,Personal,Emergency / Short Term,Active,2021-09-14,489490,81581.67,13.5,12,2,43834.82,27,2026-08-16,No,ACC01044
LOAN00394,CUST00943,LN009,Working Capital Finance,Business,Working Capital,Active,2023-09-28,36674757,18337378.5,11.5,12,6,3249935.57,10,2026-07-21,Yes,ACC01045
LOAN00395,CUST00944,LN014,Overdraft Facility,Personal,Emergency / Short Term,Active,2019-05-31,481372,160457.33,13.5,12,4,43107.84,23,2026-07-27,No,ACC01047
LOAN00396,CUST00945,LN005,Two-Wheeler Loan,Two-Wheeler,General,Active,2024-01-15,62004,31002.0,15.5,44,22,1856.19,20,2026-08-03,Yes,ACC01048
LOAN00397,CUST00950,LN002,Home Loan,Home,Home Purchase / Construction,Active,2022-03-21,5875681,3960403.77,8.7,181,122,58393.65,28,2026-08-03,Yes,ACC01053
LOAN00398,CUST00951,LN008,Business Loan,Business,Business Expansion / Working Capital,Active,2016-12-20,32704031,6540806.2,13.5,20,4,1835196.86,15,2026-07-24,No,ACC01054
LOAN00399,CUST00952,LN001,Personal Loan,Personal,General,Active,2025-07-15,2156030,1654627.67,13.0,43,33,62988.45,19,2026-08-01,No,ACC01055
LOAN00400,CUST00954,LN001,Personal Loan,Personal,General,Active,2024-01-19,2463330,439880.36,13.0,28,5,102464.71,11,2026-07-25,No,ACC01057
LOAN00401,CUST00956,LN008,Business Loan,Business,Business Expansion / Working Capital,Active,2017-01-27,29798623,7011440.71,13.5,17,4,1935628.66,24,2026-08-06,No,ACC01059
LOAN00402,CUST00959,LN004,Used Car Loan,Auto,General,Active,2024-09-18,3120442,2022508.7,12.5,54,35,75846.63,26,2026-08-03,Yes,ACC01064
LOAN00403,CUST00961,LN007,Gold Loan,Gold,Personal / Emergency,Active,2026-01-14,2112215,1056107.5,8.5,14,7,159010.16,1,2026-07-25,Yes,ACC01066
LOAN00404,CUST00962,LN001,Personal Loan,Personal,General,Active,2025-10-06,3994179,2662786.0,13.0,12,8,356749.19,24,2026-07-29,No,ACC01067
LOAN00405,CUST00965,LN008,Business Loan,Business,Business Expansion / Working Capital,Active,2020-07-01,9079878,4383389.38,13.5,58,28,213987.83,16,2026-07-26,No,ACC01070
LOAN00406,CUST00966,LN012,Agriculture / Kisan Credit Card,Agriculture,Agriculture / Crop Production,Active,2021-01-08,521745,289858.33,7.5,9,5,59798.33,24,2026-08-07,No,ACC01071
LOAN00407,CUST00967,LN005,Two-Wheeler Loan,Two-Wheeler,General,Active,2019-03-05,355706,197614.44,15.5,36,20,12417.94,16,2026-08-10,Yes,ACC01072
LOAN00408,CUST00968,LN008,Business Loan,Business,Business Expansion / Working Capital,Active,2017-01-30,9004344,3554346.32,13.5,38,15,292514.11,13,2026-07-22,No,ACC01073
LOAN00409,CUST00971,LN003,New Car Loan,Auto,New Vehicle Purchase,Active,2022-09-07,13894219,5519621.25,8.75,73,29,246137.66,10,2026-07-17,Yes,ACC01076
LOAN00410,CUST00975,LN005,Two-Wheeler Loan,Two-Wheeler,General,Active,2021-01-15,230960,184768.0,15.5,25,20,10869.18,14,2026-08-17,Yes,ACC01081
LOAN00411,CUST00976,LN006,Education Loan,Education,Education,Active,2022-08-12,171896,161371.76,10.5,49,46,4328.8,16,2026-07-25,No,ACC01082
LOAN00412,CUST00980,LN003,New Car Loan,Auto,New Vehicle Purchase,Active,2025-10-23,3654855,1770320.39,8.75,64,31,71668.98,11,2026-07-21,Yes,ACC01086
LOAN00413,CUST00983,LN008,Business Loan,Business,Business Expansion / Working Capital,Active,2025-12-28,2674356,2340061.5,13.5,40,35,83395.75,9,2026-08-05,No,ACC01090
LOAN00414,CUST00987,LN012,Agriculture / Kisan Credit Card,Agriculture,Agriculture / Crop Production,Active,2020-02-04,776340,258780.0,7.5,21,7,39562.93,15,2026-07-28,No,ACC01094
LOAN00415,CUST00989,LN003,New Car Loan,Auto,New Vehicle Purchase,Active,2025-01-13,4108050,3574537.01,8.75,77,67,69912.04,13,2026-07-26,Yes,ACC01096
LOAN00416,CUST00996,LN009,Working Capital Finance,Business,Working Capital,Active,2025-09-02,17292701,12969525.75,11.5,12,9,1532393.63,6,2026-07-26,Yes,ACC01103
LOAN00417,CUST00998,LN004,Used Car Loan,Auto,General,Active,2023-03-19,1690694,444919.47,12.5,19,5,98541.03,14,2026-07-19,Yes,ACC01105
LOAN00418,CUST00999,LN005,Two-Wheeler Loan,Two-Wheeler,General,Active,2022-06-16,414899,318089.23,15.5,30,23,16770.17,4,2026-08-07,Yes,ACC01106
