customer_debit_card_id,customer_id,debit_card_product_id,card_name,card_network,card_variant,card_number_masked,issue_date,expiry_date,card_status,daily_atm_limit,daily_pos_limit,international_enabled
DCA00001,CUST00001,DB004,RuPay Debit Card,RuPay,Classic,XXXX-XXXX-XXXX-2584,2022-01-28,2029-07-22,Active,75000,50000,No
DCA00003,CUST00003,DB006,Women's Advantage Debit Card,Visa,Premium,XXXX-XXXX-XXXX-7118,2026-05-07,2030-07-12,Active,100000,50000,Yes
DCA00005,CUST00005,DB007,Business Debit Card,Visa,Business,XXXX-XXXX-XXXX-9666,2021-06-26,2031-05-16,Active,75000,50000,Yes
DCA00006,CUST00006,DB001,Millennia Debit Card,Visa,Premium,XXXX-XXXX-XXXX-8711,2021-11-07,2028-09-29,Active,100000,150000,Yes
DCA00007,CUST00007,DB003,Classic Debit Card,Visa,Classic,XXXX-XXXX-XXXX-8618,2025-09-05,2030-02-08,Active,50000,200000,No
DCA00008,CUST00008,DB004,RuPay Debit Card,RuPay,Classic,XXXX-XXXX-XXXX-2020,2022-06-06,2029-12-25,Active,100000,50000,No
DCA00010,CUST00010,DB002,Platinum Debit Card,Visa,Premium,XXXX-XXXX-XXXX-7658,2023-06-14,2030-09-28,Active,50000,200000,No
DCA00011,CUST00011,DB003,Classic Debit Card,Visa,Classic,XXXX-XXXX-XXXX-2395,2024-08-06,2028-04-16,Active,100000,100000,No
DCA00012,CUST00012,DB003,Classic Debit Card,Visa,Classic,XXXX-XXXX-XXXX-7744,2026-03-25,2029-03-30,Active,100000,50000,Yes
DCA00013,CUST00013,DB003,Classic Debit Card,Visa,Classic,XXXX-XXXX-XXXX-1042,2021-11-24,2029-04-20,Active,100000,100000,Yes
DCA00014,CUST00014,DB005,MoneyBack Debit Card,Visa,Classic,XXXX-XXXX-XXXX-7512,2024-12-01,2028-01-29,Active,75000,200000,Yes
DCA00016,CUST00016,DB007,Business Debit Card,Visa,Business,XXXX-XXXX-XXXX-9837,2023-03-27,2030-08-09,Active,75000,100000,Yes
DCA00017,CUST00017,DB005,MoneyBack Debit Card,Visa,Classic,XXXX-XXXX-XXXX-7686,2023-02-23,2027-10-24,Active,75000,100000,Yes
DCA00018,CUST00018,DB005,MoneyBack Debit Card,Visa,Classic,XXXX-XXXX-XXXX-4629,2026-07-04,2027-11-14,Active,75000,200000,No
DCA00019,CUST00019,DB005,MoneyBack Debit Card,Visa,Classic,XXXX-XXXX-XXXX-9313,2023-07-06,2028-06-29,Active,100000,100000,Yes
DCA00020,CUST00020,DB005,MoneyBack Debit Card,Visa,Classic,XXXX-XXXX-XXXX-6802,2024-10-21,2029-11-08,Active,25000,200000,Yes
DCA00021,CUST00021,DB007,Business Debit Card,Visa,Business,XXXX-XXXX-XXXX-1672,2025-04-18,2030-10-31,Active,50000,150000,No
DCA00022,CUST00022,DB002,Platinum Debit Card,Visa,Premium,XXXX-XXXX-XXXX-3658,2022-10-06,2031-07-06,Active,50000,200000,Yes
DCA00023,CUST00023,DB002,Platinum Debit Card,Visa,Premium,XXXX-XXXX-XXXX-9991,2025-05-29,2031-01-15,Active,100000,50000,Yes
DCA00024,CUST00024,DB003,Classic Debit Card,Visa,Classic,XXXX-XXXX-XXXX-9444,2025-10-20,2030-09-03,Active,100000,150000,Yes
DCA00025,CUST00025,DB006,Women's Advantage Debit Card,Visa,Premium,XXXX-XXXX-XXXX-3621,2021-01-10,2028-06-05,Active,100000,50000,Yes
DCA00026,CUST00026,DB005,MoneyBack Debit Card,Visa,Classic,XXXX-XXXX-XXXX-2208,2023-05-29,2029-05-28,Active,25000,200000,Yes
DCA00027,CUST00027,DB003,Classic Debit Card,Visa,Classic,XXXX-XXXX-XXXX-4960,2025-08-14,2028-04-24,Active,75000,200000,Yes
DCA00030,CUST00030,DB006,Women's Advantage Debit Card,Visa,Premium,XXXX-XXXX-XXXX-8793,2026-01-19,2031-04-11,Active,50000,150000,Yes
DCA00031,CUST00031,DB003,Classic Debit Card,Visa,Classic,XXXX-XXXX-XXXX-4871,2024-05-03,2031-05-16,Active,25000,200000,Yes
DCA00032,CUST00032,DB006,Women's Advantage Debit Card,Visa,Premium,XXXX-XXXX-XXXX-9835,2023-10-25,2031-04-17,Active,75000,50000,Yes
DCA00034,CUST00034,DB006,Women's Advantage Debit Card,Visa,Premium,XXXX-XXXX-XXXX-4555,2023-01-09,2028-10-18,Active,75000,150000,Yes
DCA00035,CUST00035,DB005,MoneyBack Debit Card,Visa,Classic,XXXX-XXXX-XXXX-5501,2026-01-31,2029-03-27,Active,25000,200000,Yes
DCA00036,CUST00036,DB003,Classic Debit Card,Visa,Classic,XXXX-XXXX-XXXX-7499,2022-12-25,2027-10-17,Active,75000,200000,Yes
DCA00037,CUST00037,DB005,MoneyBack Debit Card,Visa,Classic,XXXX-XXXX-XXXX-7224,2022-08-06,2030-02-04,Active,75000,200000,No
DCA00038,CUST00038,DB002,Platinum Debit Card,Visa,Premium,XXXX-XXXX-XXXX-6816,2020-06-05,2031-04-04,Active,25000,200000,Yes
DCA00039,CUST00039,DB001,Millennia Debit Card,Visa,Premium,XXXX-XXXX-XXXX-4519,2025-03-03,2029-03-10,Active,25000,50000,No
DCA00040,CUST00040,DB005,MoneyBack Debit Card,Visa,Classic,XXXX-XXXX-XXXX-5729,2024-06-02,2030-03-11,Active,100000,50000,No
DCA00041,CUST00041,DB007,Business Debit Card,Visa,Business,XXXX-XXXX-XXXX-2525,2024-07-08,2030-07-08,Active,75000,150000,Yes
DCA00042,CUST00042,DB004,RuPay Debit Card,RuPay,Classic,XXXX-XXXX-XXXX-2494,2019-11-03,2027-08-20,Active,50000,200000,Yes
DCA00043,CUST00043,DB007,Business Debit Card,Visa,Business,XXXX-XXXX-XXXX-4921,2024-02-13,2029-10-16,Active,25000,100000,Yes
DCA00044,CUST00044,DB007,Business Debit Card,Visa,Business,XXXX-XXXX-XXXX-4909,2024-03-18,2028-12-30,Active,25000,200000,Yes
DCA00046,CUST00046,DB006,Women's Advantage Debit Card,Visa,Premium,XXXX-XXXX-XXXX-7461,2021-08-22,2030-12-12,Active,25000,200000,No
DCA00047,CUST00047,DB001,Millennia Debit Card,Visa,Premium,XXXX-XXXX-XXXX-4641,2022-02-21,2028-09-26,Active,100000,150000,No
DCA00048,CUST00048,DB006,Women's Advantage Debit Card,Visa,Premium,XXXX-XXXX-XXXX-4951,2026-02-21,2030-08-14,Active,25000,100000,No
DCA00049,CUST00049,DB006,Women's Advantage Debit Card,Visa,Premium,XXXX-XXXX-XXXX-8982,2026-06-15,2029-05-28,Active,50000,150000,Yes
DCA00050,CUST00050,DB004,RuPay Debit Card,RuPay,Classic,XXXX-XXXX-XXXX-3636,2025-09-30,2028-01-18,Active,25000,150000,No
DCA00051,CUST00051,DB004,RuPay Debit Card,RuPay,Classic,XXXX-XXXX-XXXX-4029,2023-02-15,2029-10-07,Active,75000,100000,Yes
DCA00052,CUST00052,DB001,Millennia Debit Card,Visa,Premium,XXXX-XXXX-XXXX-5687,2026-05-16,2030-08-18,Active,75000,200000,Yes
DCA00053,CUST00053,DB004,RuPay Debit Card,RuPay,Classic,XXXX-XXXX-XXXX-3029,2022-12-13,2028-12-25,Active,75000,200000,No
DCA00054,CUST00054,DB001,Millennia Debit Card,Visa,Premium,XXXX-XXXX-XXXX-7620,2024-06-28,2029-06-02,Active,50000,50000,No
DCA00055,CUST00055,DB005,MoneyBack Debit Card,Visa,Classic,XXXX-XXXX-XXXX-8105,2026-05-08,2030-01-13,Active,100000,200000,Yes
DCA00056,CUST00056,DB003,Classic Debit Card,Visa,Classic,XXXX-XXXX-XXXX-8772,2020-08-12,2028-10-11,Active,25000,150000,Yes
DCA00057,CUST00057,DB007,Business Debit Card,Visa,Business,XXXX-XXXX-XXXX-1646,2020-04-16,2029-08-24,Active,75000,200000,No
DCA00058,CUST00058,DB004,RuPay Debit Card,RuPay,Classic,XXXX-XXXX-XXXX-5072,2023-12-17,2029-07-26,Active,100000,100000,No
DCA00059,CUST00059,DB002,Platinum Debit Card,Visa,Premium,XXXX-XXXX-XXXX-1035,2026-02-13,2029-08-14,Active,75000,150000,No
DCA00060,CUST00060,DB007,Business Debit Card,Visa,Business,XXXX-XXXX-XXXX-9975,2021-12-16,2030-09-24,Active,50000,100000,Yes
DCA00062,CUST00062,DB006,Women's Advantage Debit Card,Visa,Premium,XXXX-XXXX-XXXX-1144,2025-04-04,2031-05-18,Active,75000,200000,Yes
DCA00063,CUST00063,DB006,Women's Advantage Debit Card,Visa,Premium,XXXX-XXXX-XXXX-6434,2022-12-01,2028-02-13,Active,25000,50000,Yes
DCA00064,CUST00064,DB001,Millennia Debit Card,Visa,Premium,XXXX-XXXX-XXXX-4234,2026-05-01,2030-11-19,Active,100000,150000,Yes
DCA00065,CUST00065,DB005,MoneyBack Debit Card,Visa,Classic,XXXX-XXXX-XXXX-7637,2026-04-19,2030-12-08,Active,50000,50000,No
DCA00066,CUST00066,DB003,Classic Debit Card,Visa,Classic,XXXX-XXXX-XXXX-5314,2025-09-01,2030-09-05,Active,50000,200000,No
DCA00067,CUST00067,DB002,Platinum Debit Card,Visa,Premium,XXXX-XXXX-XXXX-6614,2025-11-11,2030-12-21,Active,25000,100000,Yes
DCA00068,CUST00068,DB002,Platinum Debit Card,Visa,Premium,XXXX-XXXX-XXXX-1089,2025-02-17,2027-09-01,Active,25000,50000,Yes
DCA00069,CUST00069,DB006,Women's Advantage Debit Card,Visa,Premium,XXXX-XXXX-XXXX-9099,2025-05-12,2027-09-08,Active,50000,150000,Yes
DCA00070,CUST00070,DB007,Business Debit Card,Visa,Business,XXXX-XXXX-XXXX-1448,2025-05-19,2028-04-12,Active,75000,50000,Yes
DCA00071,CUST00071,DB002,Platinum Debit Card,Visa,Premium,XXXX-XXXX-XXXX-8490,2021-11-20,2031-07-18,Active,100000,150000,No
DCA00072,CUST00072,DB006,Women's Advantage Debit Card,Visa,Premium,XXXX-XXXX-XXXX-9363,2026-02-10,2030-02-18,Active,25000,200000,No
DCA00073,CUST00073,DB003,Classic Debit Card,Visa,Classic,XXXX-XXXX-XXXX-9987,2025-03-06,2028-05-20,Active,50000,200000,No
DCA00074,CUST00074,DB002,Platinum Debit Card,Visa,Premium,XXXX-XXXX-XXXX-9464,2026-04-22,2031-07-09,Active,75000,150000,No
DCA00075,CUST00075,DB006,Women's Advantage Debit Card,Visa,Premium,XXXX-XXXX-XXXX-1691,2025-12-20,2030-07-19,Active,25000,150000,Yes
DCA00076,CUST00076,DB007,Business Debit Card,Visa,Business,XXXX-XXXX-XXXX-3627,2025-12-09,2030-08-09,Active,50000,200000,Yes
DCA00077,CUST00077,DB006,Women's Advantage Debit Card,Visa,Premium,XXXX-XXXX-XXXX-3931,2026-02-13,2030-10-04,Active,100000,50000,No
DCA00078,CUST00078,DB005,MoneyBack Debit Card,Visa,Classic,XXXX-XXXX-XXXX-3534,2023-11-05,2027-11-03,Active,100000,150000,Yes
DCA00079,CUST00079,DB006,Women's Advantage Debit Card,Visa,Premium,XXXX-XXXX-XXXX-2467,2021-03-16,2031-05-24,Active,100000,200000,Yes
DCA00081,CUST00081,DB004,RuPay Debit Card,RuPay,Classic,XXXX-XXXX-XXXX-5970,2025-06-07,2031-03-14,Active,75000,100000,Yes
DCA00082,CUST00082,DB001,Millennia Debit Card,Visa,Premium,XXXX-XXXX-XXXX-9470,2022-11-11,2030-03-24,Active,100000,50000,No
DCA00083,CUST00083,DB007,Business Debit Card,Visa,Business,XXXX-XXXX-XXXX-4401,2025-08-27,2028-08-30,Active,50000,50000,No
DCA00084,CUST00084,DB006,Women's Advantage Debit Card,Visa,Premium,XXXX-XXXX-XXXX-2932,2025-11-07,2028-10-15,Active,100000,200000,Yes
DCA00085,CUST00085,DB002,Platinum Debit Card,Visa,Premium,XXXX-XXXX-XXXX-7088,2025-12-14,2029-04-28,Active,50000,150000,Yes
DCA00086,CUST00086,DB005,MoneyBack Debit Card,Visa,Classic,XXXX-XXXX-XXXX-8304,2026-07-17,2029-08-15,Active,75000,150000,Yes
DCA00087,CUST00087,DB007,Business Debit Card,Visa,Business,XXXX-XXXX-XXXX-6606,2024-08-08,2031-07-09,Active,50000,100000,No
DCA00088,CUST00088,DB006,Women's Advantage Debit Card,Visa,Premium,XXXX-XXXX-XXXX-3841,2025-08-16,2028-05-28,Active,50000,200000,Yes
DCA00090,CUST00090,DB007,Business Debit Card,Visa,Business,XXXX-XXXX-XXXX-4869,2025-05-12,2028-08-22,Active,25000,150000,Yes
DCA00091,CUST00091,DB006,Women's Advantage Debit Card,Visa,Premium,XXXX-XXXX-XXXX-4193,2026-05-16,2029-07-09,Active,50000,150000,No
DCA00092,CUST00092,DB003,Classic Debit Card,Visa,Classic,XXXX-XXXX-XXXX-7411,2025-09-10,2027-08-25,Active,100000,200000,Yes
DCA00093,CUST00093,DB002,Platinum Debit Card,Visa,Premium,XXXX-XXXX-XXXX-9010,2025-01-15,2027-09-26,Active,100000,50000,Yes
DCA00095,CUST00095,DB005,MoneyBack Debit Card,Visa,Classic,XXXX-XXXX-XXXX-1977,2022-05-23,2028-05-23,Active,25000,200000,Yes
DCA00096,CUST00096,DB006,Women's Advantage Debit Card,Visa,Premium,XXXX-XXXX-XXXX-1022,2026-05-21,2031-02-22,Active,25000,200000,No
DCA00098,CUST00098,DB003,Classic Debit Card,Visa,Classic,XXXX-XXXX-XXXX-2990,2025-01-04,2029-11-23,Active,100000,100000,Yes
DCA00099,CUST00099,DB005,MoneyBack Debit Card,Visa,Classic,XXXX-XXXX-XXXX-9381,2020-02-06,2031-05-14,Active,75000,200000,Yes
DCA00100,CUST00100,DB006,Women's Advantage Debit Card,Visa,Premium,XXXX-XXXX-XXXX-8742,2023-12-06,2031-04-18,Active,75000,200000,Yes
DCA00101,CUST00101,DB002,Platinum Debit Card,Visa,Premium,XXXX-XXXX-XXXX-8240,2026-06-09,2029-07-18,Active,50000,150000,Yes
DCA00102,CUST00102,DB004,RuPay Debit Card,RuPay,Classic,XXXX-XXXX-XXXX-7948,2019-07-24,2030-07-06,Active,50000,200000,Yes
DCA00103,CUST00103,DB006,Women's Advantage Debit Card,Visa,Premium,XXXX-XXXX-XXXX-9177,2022-09-07,2030-11-21,Active,75000,200000,Yes
DCA00104,CUST00104,DB007,Business Debit Card,Visa,Business,XXXX-XXXX-XXXX-5660,2022-06-08,2027-12-21,Active,25000,50000,Yes
DCA00105,CUST00105,DB004,RuPay Debit Card,RuPay,Classic,XXXX-XXXX-XXXX-4436,2026-04-25,2028-01-22,Active,75000,150000,Yes
DCA00108,CUST00108,DB006,Women's Advantage Debit Card,Visa,Premium,XXXX-XXXX-XXXX-3131,2026-05-13,2030-12-16,Active,100000,150000,Yes
DCA00109,CUST00109,DB007,Business Debit Card,Visa,Business,XXXX-XXXX-XXXX-6296,2025-09-21,2029-11-09,Active,50000,200000,No
DCA00110,CUST00110,DB004,RuPay Debit Card,RuPay,Classic,XXXX-XXXX-XXXX-8499,2026-01-25,2028-04-04,Active,50000,50000,Yes
DCA00111,CUST00111,DB007,Business Debit Card,Visa,Business,XXXX-XXXX-XXXX-3525,2026-01-27,2029-04-20,Active,100000,200000,No
DCA00112,CUST00112,DB001,Millennia Debit Card,Visa,Premium,XXXX-XXXX-XXXX-9411,2022-10-20,2030-06-28,Active,100000,200000,Yes
DCA00113,CUST00113,DB007,Business Debit Card,Visa,Business,XXXX-XXXX-XXXX-9824,2024-06-14,2028-02-10,Active,75000,200000,Yes
DCA00114,CUST00114,DB002,Platinum Debit Card,Visa,Premium,XXXX-XXXX-XXXX-8688,2024-05-19,2030-01-31,Active,50000,100000,No
DCA00116,CUST00116,DB006,Women's Advantage Debit Card,Visa,Premium,XXXX-XXXX-XXXX-5986,2026-01-03,2029-05-21,Active,75000,50000,Yes
DCA00117,CUST00117,DB004,RuPay Debit Card,RuPay,Classic,XXXX-XXXX-XXXX-2342,2020-09-06,2027-12-23,Active,100000,100000,Yes
DCA00118,CUST00118,DB007,Business Debit Card,Visa,Business,XXXX-XXXX-XXXX-9008,2021-08-05,2028-04-24,Active,75000,50000,Yes
DCA00119,CUST00119,DB003,Classic Debit Card,Visa,Classic,XXXX-XXXX-XXXX-7583,2024-07-23,2027-11-18,Active,100000,50000,Yes
DCA00120,CUST00120,DB005,MoneyBack Debit Card,Visa,Classic,XXXX-XXXX-XXXX-4333,2019-11-21,2029-09-20,Active,50000,100000,No
DCA00121,CUST00121,DB005,MoneyBack Debit Card,Visa,Classic,XXXX-XXXX-XXXX-6381,2024-11-16,2031-07-04,Active,50000,50000,No
DCA00122,CUST00122,DB004,RuPay Debit Card,RuPay,Classic,XXXX-XXXX-XXXX-6922,2026-01-20,2027-11-15,Active,50000,50000,Yes
DCA00123,CUST00123,DB006,Women's Advantage Debit Card,Visa,Premium,XXXX-XXXX-XXXX-8075,2020-05-30,2028-03-13,Active,25000,50000,Yes
DCA00124,CUST00124,DB006,Women's Advantage Debit Card,Visa,Premium,XXXX-XXXX-XXXX-8657,2024-07-23,2030-11-14,Active,75000,150000,Yes
DCA00125,CUST00125,DB002,Platinum Debit Card,Visa,Premium,XXXX-XXXX-XXXX-5292,2025-03-31,2028-08-08,Active,75000,100000,Yes
DCA00126,CUST00126,DB002,Platinum Debit Card,Visa,Premium,XXXX-XXXX-XXXX-4596,2026-05-28,2028-10-06,Active,100000,100000,Yes
DCA00127,CUST00127,DB004,RuPay Debit Card,RuPay,Classic,XXXX-XXXX-XXXX-4829,2026-02-28,2030-12-02,Active,100000,200000,Yes
DCA00128,CUST00128,DB005,MoneyBack Debit Card,Visa,Classic,XXXX-XXXX-XXXX-2146,2022-10-24,2027-12-13,Active,75000,50000,Yes
DCA00129,CUST00129,DB004,RuPay Debit Card,RuPay,Classic,XXXX-XXXX-XXXX-8388,2019-05-04,2029-01-16,Active,50000,50000,Yes
DCA00130,CUST00130,DB001,Millennia Debit Card,Visa,Premium,XXXX-XXXX-XXXX-6523,2025-05-08,2031-06-10,Active,25000,100000,Yes
DCA00131,CUST00131,DB003,Classic Debit Card,Visa,Classic,XXXX-XXXX-XXXX-4873,2026-04-02,2028-12-28,Active,25000,50000,Yes
DCA00132,CUST00132,DB007,Business Debit Card,Visa,Business,XXXX-XXXX-XXXX-8883,2019-04-22,2029-08-23,Active,100000,200000,Yes
DCA00133,CUST00133,DB004,RuPay Debit Card,RuPay,Classic,XXXX-XXXX-XXXX-7947,2026-05-10,2029-01-04,Active,50000,200000,Yes
DCA00134,CUST00134,DB006,Women's Advantage Debit Card,Visa,Premium,XXXX-XXXX-XXXX-2456,2024-07-13,2031-03-12,Active,75000,100000,Yes
DCA00135,CUST00135,DB003,Classic Debit Card,Visa,Classic,XXXX-XXXX-XXXX-2404,2023-04-30,2028-04-29,Active,75000,50000,Yes
DCA00136,CUST00136,DB004,RuPay Debit Card,RuPay,Classic,XXXX-XXXX-XXXX-7556,2026-06-18,2031-01-23,Active,25000,150000,Yes
DCA00137,CUST00137,DB004,RuPay Debit Card,RuPay,Classic,XXXX-XXXX-XXXX-2481,2026-06-19,2031-07-04,Active,75000,100000,No
DCA00138,CUST00138,DB006,Women's Advantage Debit Card,Visa,Premium,XXXX-XXXX-XXXX-1861,2024-12-18,2030-05-12,Active,100000,150000,No
DCA00139,CUST00139,DB007,Business Debit Card,Visa,Business,XXXX-XXXX-XXXX-2468,2023-04-12,2031-04-10,Active,100000,150000,No
DCA00140,CUST00140,DB002,Platinum Debit Card,Visa,Premium,XXXX-XXXX-XXXX-1087,2025-08-30,2029-05-22,Active,25000,50000,Yes
DCA00141,CUST00141,DB006,Women's Advantage Debit Card,Visa,Premium,XXXX-XXXX-XXXX-7914,2022-05-29,2030-09-17,Active,75000,150000,Yes
DCA00142,CUST00142,DB003,Classic Debit Card,Visa,Classic,XXXX-XXXX-XXXX-5440,2024-12-20,2028-03-07,Active,25000,100000,Yes
DCA00143,CUST00143,DB004,RuPay Debit Card,RuPay,Classic,XXXX-XXXX-XXXX-3761,2024-09-06,2030-07-25,Active,50000,100000,Yes
DCA00144,CUST00144,DB003,Classic Debit Card,Visa,Classic,XXXX-XXXX-XXXX-6971,2025-06-27,2028-08-25,Active,75000,50000,Yes
DCA00145,CUST00145,DB007,Business Debit Card,Visa,Business,XXXX-XXXX-XXXX-1834,2023-05-12,2029-11-29,Active,75000,100000,Yes
DCA00147,CUST00147,DB003,Classic Debit Card,Visa,Classic,XXXX-XXXX-XXXX-3895,2020-06-13,2027-09-19,Active,25000,200000,No
DCA00148,CUST00148,DB002,Platinum Debit Card,Visa,Premium,XXXX-XXXX-XXXX-1019,2023-04-24,2027-10-06,Active,50000,200000,Yes
DCA00149,CUST00149,DB005,MoneyBack Debit Card,Visa,Classic,XXXX-XXXX-XXXX-7911,2023-12-04,2030-11-13,Active,50000,50000,Yes
DCA00150,CUST00150,DB004,RuPay Debit Card,RuPay,Classic,XXXX-XXXX-XXXX-4009,2025-01-07,2031-01-08,Active,25000,200000,Yes
DCA00151,CUST00151,DB004,RuPay Debit Card,RuPay,Classic,XXXX-XXXX-XXXX-2290,2026-06-05,2031-02-19,Active,25000,100000,Yes
DCA00152,CUST00152,DB004,RuPay Debit Card,RuPay,Classic,XXXX-XXXX-XXXX-3301,2018-07-23,2030-10-25,Active,100000,50000,Yes
DCA00153,CUST00153,DB004,RuPay Debit Card,RuPay,Classic,XXXX-XXXX-XXXX-8096,2024-05-29,2029-11-17,Active,75000,50000,Yes
DCA00155,CUST00155,DB006,Women's Advantage Debit Card,Visa,Premium,XXXX-XXXX-XXXX-1269,2026-06-11,2029-12-07,Active,25000,200000,No
DCA00156,CUST00156,DB003,Classic Debit Card,Visa,Classic,XXXX-XXXX-XXXX-4338,2018-08-16,2028-02-25,Active,25000,200000,Yes
DCA00157,CUST00157,DB005,MoneyBack Debit Card,Visa,Classic,XXXX-XXXX-XXXX-9953,2022-07-15,2028-07-07,Active,75000,50000,Yes
DCA00158,CUST00158,DB001,Millennia Debit Card,Visa,Premium,XXXX-XXXX-XXXX-6388,2022-03-27,2030-03-28,Active,75000,100000,No
DCA00159,CUST00159,DB002,Platinum Debit Card,Visa,Premium,XXXX-XXXX-XXXX-2442,2023-01-08,2029-09-11,Active,25000,50000,Yes
DCA00160,CUST00160,DB004,RuPay Debit Card,RuPay,Classic,XXXX-XXXX-XXXX-9412,2019-12-14,2029-11-14,Active,50000,50000,Yes
DCA00161,CUST00161,DB002,Platinum Debit Card,Visa,Premium,XXXX-XXXX-XXXX-9245,2026-06-16,2030-04-20,Active,75000,100000,Yes
DCA00162,CUST00162,DB004,RuPay Debit Card,RuPay,Classic,XXXX-XXXX-XXXX-1506,2022-08-17,2030-11-12,Active,100000,150000,Yes
DCA00163,CUST00163,DB001,Millennia Debit Card,Visa,Premium,XXXX-XXXX-XXXX-5764,2020-03-06,2027-10-22,Active,100000,150000,Yes
DCA00164,CUST00164,DB006,Women's Advantage Debit Card,Visa,Premium,XXXX-XXXX-XXXX-1868,2025-05-03,2028-10-10,Active,50000,200000,Yes
DCA00166,CUST00166,DB006,Women's Advantage Debit Card,Visa,Premium,XXXX-XXXX-XXXX-5687,2022-12-22,2028-10-03,Active,50000,200000,No
DCA00167,CUST00167,DB001,Millennia Debit Card,Visa,Premium,XXXX-XXXX-XXXX-6538,2024-07-18,2029-02-02,Active,50000,150000,Yes
DCA00168,CUST00168,DB005,MoneyBack Debit Card,Visa,Classic,XXXX-XXXX-XXXX-7024,2024-05-06,2028-09-17,Active,75000,200000,Yes
DCA00169,CUST00169,DB003,Classic Debit Card,Visa,Classic,XXXX-XXXX-XXXX-7294,2025-10-02,2028-02-07,Active,25000,150000,No
DCA00170,CUST00170,DB007,Business Debit Card,Visa,Business,XXXX-XXXX-XXXX-5524,2024-10-30,2030-05-27,Active,50000,100000,No
DCA00172,CUST00172,DB002,Platinum Debit Card,Visa,Premium,XXXX-XXXX-XXXX-2196,2019-05-26,2030-07-07,Active,100000,200000,Yes
DCA00173,CUST00173,DB003,Classic Debit Card,Visa,Classic,XXXX-XXXX-XXXX-5250,2024-09-15,2028-03-22,Active,50000,150000,Yes
DCA00174,CUST00174,DB006,Women's Advantage Debit Card,Visa,Premium,XXXX-XXXX-XXXX-9138,2023-09-02,2028-05-13,Active,50000,50000,No
DCA00175,CUST00175,DB002,Platinum Debit Card,Visa,Premium,XXXX-XXXX-XXXX-2807,2026-03-29,2028-05-08,Active,25000,50000,Yes
DCA00177,CUST00177,DB006,Women's Advantage Debit Card,Visa,Premium,XXXX-XXXX-XXXX-6535,2021-04-16,2027-10-31,Active,75000,200000,Yes
DCA00178,CUST00178,DB001,Millennia Debit Card,Visa,Premium,XXXX-XXXX-XXXX-6205,2024-12-30,2028-08-19,Active,50000,200000,Yes
DCA00179,CUST00179,DB007,Business Debit Card,Visa,Business,XXXX-XXXX-XXXX-2921,2025-12-30,2030-10-08,Active,100000,200000,Yes
DCA00180,CUST00180,DB004,RuPay Debit Card,RuPay,Classic,XXXX-XXXX-XXXX-3847,2023-10-16,2031-04-05,Active,25000,50000,Yes
DCA00181,CUST00181,DB005,MoneyBack Debit Card,Visa,Classic,XXXX-XXXX-XXXX-1329,2026-02-05,2028-07-29,Active,25000,100000,No
DCA00182,CUST00182,DB006,Women's Advantage Debit Card,Visa,Premium,XXXX-XXXX-XXXX-1554,2023-09-04,2028-03-19,Active,75000,50000,Yes
DCA00183,CUST00183,DB002,Platinum Debit Card,Visa,Premium,XXXX-XXXX-XXXX-7131,2018-07-07,2030-04-21,Active,50000,150000,Yes
DCA00184,CUST00184,DB004,RuPay Debit Card,RuPay,Classic,XXXX-XXXX-XXXX-8449,2020-04-29,2030-05-09,Active,100000,200000,Yes
DCA00185,CUST00185,DB004,RuPay Debit Card,RuPay,Classic,XXXX-XXXX-XXXX-4999,2026-05-02,2030-10-26,Active,100000,50000,Yes
DCA00186,CUST00186,DB007,Business Debit Card,Visa,Business,XXXX-XXXX-XXXX-8280,2024-07-18,2030-03-21,Active,100000,100000,No
DCA00187,CUST00187,DB001,Millennia Debit Card,Visa,Premium,XXXX-XXXX-XXXX-6206,2024-01-10,2030-08-18,Active,100000,100000,Yes
DCA00188,CUST00188,DB005,MoneyBack Debit Card,Visa,Classic,XXXX-XXXX-XXXX-6427,2020-08-06,2028-12-31,Active,100000,50000,Yes
DCA00189,CUST00189,DB006,Women's Advantage Debit Card,Visa,Premium,XXXX-XXXX-XXXX-3106,2022-11-15,2031-01-13,Active,75000,200000,Yes
DCA00190,CUST00190,DB002,Platinum Debit Card,Visa,Premium,XXXX-XXXX-XXXX-8819,2022-11-01,2028-03-06,Active,25000,150000,No
DCA00191,CUST00191,DB005,MoneyBack Debit Card,Visa,Classic,XXXX-XXXX-XXXX-4445,2025-02-19,2031-05-25,Active,50000,150000,Yes
DCA00193,CUST00193,DB003,Classic Debit Card,Visa,Classic,XXXX-XXXX-XXXX-8673,2024-09-18,2030-03-18,Active,75000,150000,Yes
DCA00194,CUST00194,DB006,Women's Advantage Debit Card,Visa,Premium,XXXX-XXXX-XXXX-3493,2026-03-02,2029-06-24,Active,25000,100000,No
DCA00195,CUST00195,DB004,RuPay Debit Card,RuPay,Classic,XXXX-XXXX-XXXX-6871,2026-02-18,2029-05-27,Active,100000,100000,Yes
DCA00196,CUST00196,DB002,Platinum Debit Card,Visa,Premium,XXXX-XXXX-XXXX-9496,2021-10-12,2031-05-18,Active,50000,150000,Yes
DCA00197,CUST00197,DB003,Classic Debit Card,Visa,Classic,XXXX-XXXX-XXXX-3157,2024-08-11,2029-12-29,Active,75000,100000,No
DCA00198,CUST00198,DB005,MoneyBack Debit Card,Visa,Classic,XXXX-XXXX-XXXX-9692,2026-03-16,2027-11-22,Active,75000,100000,No
DCA00199,CUST00199,DB003,Classic Debit Card,Visa,Classic,XXXX-XXXX-XXXX-1176,2021-01-13,2030-07-19,Active,75000,50000,No
DCA00200,CUST00200,DB007,Business Debit Card,Visa,Business,XXXX-XXXX-XXXX-8993,2025-09-23,2031-01-11,Active,100000,200000,Yes
DCA00201,CUST00201,DB002,Platinum Debit Card,Visa,Premium,XXXX-XXXX-XXXX-7270,2025-12-05,2029-02-10,Active,100000,150000,Yes
DCA00202,CUST00202,DB002,Platinum Debit Card,Visa,Premium,XXXX-XXXX-XXXX-5019,2025-01-26,2030-02-04,Active,50000,100000,Yes
DCA00204,CUST00204,DB001,Millennia Debit Card,Visa,Premium,XXXX-XXXX-XXXX-6436,2019-08-13,2028-02-26,Active,100000,200000,Yes
DCA00205,CUST00205,DB005,MoneyBack Debit Card,Visa,Classic,XXXX-XXXX-XXXX-6527,2025-12-27,2031-04-27,Active,100000,200000,Yes
DCA00206,CUST00206,DB007,Business Debit Card,Visa,Business,XXXX-XXXX-XXXX-8107,2026-04-06,2030-07-26,Active,50000,150000,No
DCA00207,CUST00207,DB007,Business Debit Card,Visa,Business,XXXX-XXXX-XXXX-5284,2022-01-16,2028-04-18,Active,100000,100000,Yes
DCA00208,CUST00208,DB001,Millennia Debit Card,Visa,Premium,XXXX-XXXX-XXXX-4828,2019-04-01,2029-10-06,Active,25000,50000,Yes
DCA00209,CUST00209,DB007,Business Debit Card,Visa,Business,XXXX-XXXX-XXXX-6954,2023-08-07,2030-09-13,Active,100000,150000,No
DCA00210,CUST00210,DB005,MoneyBack Debit Card,Visa,Classic,XXXX-XXXX-XXXX-6169,2026-02-05,2030-02-17,Active,100000,150000,No
DCA00211,CUST00211,DB002,Platinum Debit Card,Visa,Premium,XXXX-XXXX-XXXX-6023,2023-07-19,2030-02-22,Active,100000,150000,Yes
DCA00212,CUST00212,DB001,Millennia Debit Card,Visa,Premium,XXXX-XXXX-XXXX-1920,2026-07-14,2028-05-28,Active,50000,50000,Yes
DCA00213,CUST00213,DB001,Millennia Debit Card,Visa,Premium,XXXX-XXXX-XXXX-6216,2026-01-27,2029-08-27,Active,25000,150000,No
DCA00214,CUST00214,DB001,Millennia Debit Card,Visa,Premium,XXXX-XXXX-XXXX-2096,2020-10-23,2030-04-20,Active,75000,100000,Yes
DCA00215,CUST00215,DB002,Platinum Debit Card,Visa,Premium,XXXX-XXXX-XXXX-5525,2024-03-22,2029-09-01,Active,25000,200000,Yes
DCA00216,CUST00216,DB003,Classic Debit Card,Visa,Classic,XXXX-XXXX-XXXX-6308,2025-07-24,2030-10-25,Active,25000,50000,No
DCA00217,CUST00217,DB004,RuPay Debit Card,RuPay,Classic,XXXX-XXXX-XXXX-3619,2019-09-17,2031-01-13,Active,75000,150000,Yes
DCA00218,CUST00218,DB007,Business Debit Card,Visa,Business,XXXX-XXXX-XXXX-1183,2022-07-03,2027-08-18,Active,75000,200000,Yes
DCA00219,CUST00219,DB004,RuPay Debit Card,RuPay,Classic,XXXX-XXXX-XXXX-8741,2025-07-09,2029-09-20,Active,75000,100000,Yes
DCA00220,CUST00220,DB007,Business Debit Card,Visa,Business,XXXX-XXXX-XXXX-7116,2026-07-05,2029-11-03,Active,100000,100000,No
DCA00221,CUST00221,DB006,Women's Advantage Debit Card,Visa,Premium,XXXX-XXXX-XXXX-2540,2025-02-26,2029-10-03,Active,75000,100000,No
DCA00222,CUST00222,DB007,Business Debit Card,Visa,Business,XXXX-XXXX-XXXX-3893,2025-02-13,2027-11-15,Active,75000,100000,Yes
DCA00223,CUST00223,DB001,Millennia Debit Card,Visa,Premium,XXXX-XXXX-XXXX-3824,2023-01-01,2030-09-23,Active,25000,100000,No
DCA00224,CUST00224,DB005,MoneyBack Debit Card,Visa,Classic,XXXX-XXXX-XXXX-2031,2020-10-09,2031-02-26,Active,75000,150000,Yes
DCA00225,CUST00225,DB003,Classic Debit Card,Visa,Classic,XXXX-XXXX-XXXX-3087,2020-03-11,2031-06-24,Active,100000,100000,Yes
DCA00226,CUST00226,DB001,Millennia Debit Card,Visa,Premium,XXXX-XXXX-XXXX-9868,2021-12-28,2028-10-11,Active,100000,200000,No
DCA00227,CUST00227,DB005,MoneyBack Debit Card,Visa,Classic,XXXX-XXXX-XXXX-2094,2022-07-30,2028-02-22,Active,25000,100000,Yes
DCA00229,CUST00229,DB004,RuPay Debit Card,RuPay,Classic,XXXX-XXXX-XXXX-1663,2024-12-01,2028-01-03,Active,75000,150000,Yes
DCA00230,CUST00230,DB004,RuPay Debit Card,RuPay,Classic,XXXX-XXXX-XXXX-3713,2025-01-02,2028-04-07,Active,25000,200000,Yes
DCA00231,CUST00231,DB005,MoneyBack Debit Card,Visa,Classic,XXXX-XXXX-XXXX-3701,2022-08-04,2028-07-09,Active,75000,200000,Yes
DCA00232,CUST00232,DB006,Women's Advantage Debit Card,Visa,Premium,XXXX-XXXX-XXXX-2203,2022-08-10,2029-06-29,Active,75000,100000,No
DCA00233,CUST00233,DB003,Classic Debit Card,Visa,Classic,XXXX-XXXX-XXXX-3427,2020-04-19,2028-05-31,Active,50000,200000,Yes
DCA00234,CUST00234,DB001,Millennia Debit Card,Visa,Premium,XXXX-XXXX-XXXX-5483,2025-04-30,2030-09-10,Active,100000,50000,No
DCA00235,CUST00235,DB003,Classic Debit Card,Visa,Classic,XXXX-XXXX-XXXX-3627,2022-12-18,2030-04-24,Active,75000,50000,Yes
DCA00236,CUST00236,DB003,Classic Debit Card,Visa,Classic,XXXX-XXXX-XXXX-2962,2024-06-27,2027-10-23,Active,75000,100000,Yes
DCA00237,CUST00237,DB007,Business Debit Card,Visa,Business,XXXX-XXXX-XXXX-5056,2018-05-17,2029-07-02,Active,50000,100000,No
DCA00238,CUST00238,DB006,Women's Advantage Debit Card,Visa,Premium,XXXX-XXXX-XXXX-5076,2024-05-14,2027-11-08,Active,50000,100000,No
DCA00239,CUST00239,DB004,RuPay Debit Card,RuPay,Classic,XXXX-XXXX-XXXX-4291,2022-12-01,2030-04-20,Active,100000,150000,Yes
DCA00240,CUST00240,DB007,Business Debit Card,Visa,Business,XXXX-XXXX-XXXX-6507,2021-01-06,2030-04-09,Active,50000,150000,Yes
DCA00241,CUST00241,DB002,Platinum Debit Card,Visa,Premium,XXXX-XXXX-XXXX-4837,2026-06-10,2027-11-18,Active,50000,100000,Yes
DCA00242,CUST00242,DB002,Platinum Debit Card,Visa,Premium,XXXX-XXXX-XXXX-1865,2025-09-22,2028-08-20,Active,50000,100000,Yes
DCA00243,CUST00243,DB002,Platinum Debit Card,Visa,Premium,XXXX-XXXX-XXXX-3879,2026-05-21,2029-03-31,Active,25000,150000,Yes
DCA00245,CUST00245,DB007,Business Debit Card,Visa,Business,XXXX-XXXX-XXXX-1381,2021-06-03,2030-04-06,Active,100000,150000,Yes
DCA00246,CUST00246,DB005,MoneyBack Debit Card,Visa,Classic,XXXX-XXXX-XXXX-8642,2019-11-22,2030-09-05,Active,25000,100000,Yes
DCA00247,CUST00247,DB001,Millennia Debit Card,Visa,Premium,XXXX-XXXX-XXXX-2249,2025-06-11,2031-01-05,Active,25000,50000,No
DCA00248,CUST00248,DB007,Business Debit Card,Visa,Business,XXXX-XXXX-XXXX-1294,2026-07-06,2027-11-12,Active,50000,50000,No
DCA00249,CUST00249,DB001,Millennia Debit Card,Visa,Premium,XXXX-XXXX-XXXX-1778,2026-02-06,2029-09-10,Active,25000,150000,Yes
DCA00250,CUST00250,DB006,Women's Advantage Debit Card,Visa,Premium,XXXX-XXXX-XXXX-1286,2025-08-23,2027-08-24,Active,75000,200000,No
DCA00251,CUST00251,DB001,Millennia Debit Card,Visa,Premium,XXXX-XXXX-XXXX-6265,2021-09-08,2030-03-03,Active,100000,100000,No
DCA00252,CUST00252,DB004,RuPay Debit Card,RuPay,Classic,XXXX-XXXX-XXXX-9584,2025-03-21,2030-08-14,Active,75000,50000,Yes
DCA00253,CUST00253,DB007,Business Debit Card,Visa,Business,XXXX-XXXX-XXXX-9785,2020-02-09,2028-03-14,Active,50000,150000,No
DCA00254,CUST00254,DB002,Platinum Debit Card,Visa,Premium,XXXX-XXXX-XXXX-2193,2024-07-04,2031-04-12,Active,50000,50000,No
DCA00255,CUST00255,DB005,MoneyBack Debit Card,Visa,Classic,XXXX-XXXX-XXXX-8151,2024-09-05,2030-06-01,Active,50000,100000,Yes
DCA00257,CUST00257,DB005,MoneyBack Debit Card,Visa,Classic,XXXX-XXXX-XXXX-2999,2026-03-14,2030-07-25,Active,100000,50000,No
DCA00258,CUST00258,DB004,RuPay Debit Card,RuPay,Classic,XXXX-XXXX-XXXX-6444,2019-03-02,2028-05-22,Active,25000,50000,Yes
DCA00259,CUST00259,DB005,MoneyBack Debit Card,Visa,Classic,XXXX-XXXX-XXXX-2734,2025-02-11,2028-09-10,Active,25000,100000,Yes
DCA00260,CUST00260,DB002,Platinum Debit Card,Visa,Premium,XXXX-XXXX-XXXX-3542,2025-07-21,2030-10-21,Active,50000,200000,Yes
DCA00261,CUST00261,DB003,Classic Debit Card,Visa,Classic,XXXX-XXXX-XXXX-5038,2025-02-23,2030-12-20,Active,100000,200000,No
DCA00262,CUST00262,DB002,Platinum Debit Card,Visa,Premium,XXXX-XXXX-XXXX-1928,2024-08-11,2028-09-23,Active,25000,200000,Yes
DCA00263,CUST00263,DB007,Business Debit Card,Visa,Business,XXXX-XXXX-XXXX-4172,2026-06-04,2029-09-07,Active,75000,200000,Yes
DCA00264,CUST00264,DB007,Business Debit Card,Visa,Business,XXXX-XXXX-XXXX-5114,2026-04-05,2030-01-23,Active,25000,50000,Yes
DCA00266,CUST00266,DB003,Classic Debit Card,Visa,Classic,XXXX-XXXX-XXXX-3820,2022-09-07,2029-01-22,Active,25000,150000,No
DCA00267,CUST00267,DB006,Women's Advantage Debit Card,Visa,Premium,XXXX-XXXX-XXXX-5251,2022-07-15,2030-09-08,Active,25000,100000,Yes
DCA00268,CUST00268,DB001,Millennia Debit Card,Visa,Premium,XXXX-XXXX-XXXX-9832,2024-11-25,2027-12-22,Active,25000,150000,No
DCA00269,CUST00269,DB006,Women's Advantage Debit Card,Visa,Premium,XXXX-XXXX-XXXX-4672,2025-11-25,2029-09-28,Active,75000,50000,Yes
DCA00270,CUST00270,DB006,Women's Advantage Debit Card,Visa,Premium,XXXX-XXXX-XXXX-7674,2022-01-14,2028-12-06,Active,50000,200000,No
DCA00271,CUST00271,DB005,MoneyBack Debit Card,Visa,Classic,XXXX-XXXX-XXXX-7244,2026-05-26,2029-05-18,Active,25000,150000,Yes
DCA00272,CUST00272,DB003,Classic Debit Card,Visa,Classic,XXXX-XXXX-XXXX-4616,2025-07-29,2030-06-20,Active,25000,200000,Yes
DCA00273,CUST00273,DB005,MoneyBack Debit Card,Visa,Classic,XXXX-XXXX-XXXX-5116,2020-12-31,2030-04-24,Active,75000,100000,Yes
DCA00274,CUST00274,DB007,Business Debit Card,Visa,Business,XXXX-XXXX-XXXX-9048,2026-05-24,2031-02-09,Active,25000,200000,Yes
DCA00275,CUST00275,DB006,Women's Advantage Debit Card,Visa,Premium,XXXX-XXXX-XXXX-6889,2022-12-04,2029-02-04,Active,100000,50000,No
DCA00276,CUST00276,DB005,MoneyBack Debit Card,Visa,Classic,XXXX-XXXX-XXXX-2690,2022-11-20,2028-04-04,Active,100000,50000,Yes
DCA00277,CUST00277,DB003,Classic Debit Card,Visa,Classic,XXXX-XXXX-XXXX-7899,2024-07-15,2031-03-23,Active,50000,100000,Yes
DCA00278,CUST00278,DB001,Millennia Debit Card,Visa,Premium,XXXX-XXXX-XXXX-7017,2024-04-30,2028-09-19,Active,100000,200000,No
DCA00279,CUST00279,DB001,Millennia Debit Card,Visa,Premium,XXXX-XXXX-XXXX-2582,2026-03-30,2031-05-27,Active,50000,150000,Yes
DCA00281,CUST00281,DB003,Classic Debit Card,Visa,Classic,XXXX-XXXX-XXXX-4495,2025-09-10,2030-01-30,Active,75000,100000,Yes
DCA00284,CUST00284,DB003,Classic Debit Card,Visa,Classic,XXXX-XXXX-XXXX-6025,2024-09-19,2031-07-19,Active,75000,100000,Yes
DCA00285,CUST00285,DB006,Women's Advantage Debit Card,Visa,Premium,XXXX-XXXX-XXXX-6480,2022-08-22,2029-07-02,Active,100000,150000,No
DCA00286,CUST00286,DB003,Classic Debit Card,Visa,Classic,XXXX-XXXX-XXXX-6444,2024-12-03,2030-09-18,Active,25000,150000,No
DCA00288,CUST00288,DB006,Women's Advantage Debit Card,Visa,Premium,XXXX-XXXX-XXXX-4781,2024-05-22,2030-03-10,Active,100000,150000,Yes
DCA00289,CUST00289,DB001,Millennia Debit Card,Visa,Premium,XXXX-XXXX-XXXX-5967,2025-11-17,2029-03-27,Active,75000,150000,No
DCA00290,CUST00290,DB002,Platinum Debit Card,Visa,Premium,XXXX-XXXX-XXXX-5615,2022-08-10,2028-09-03,Active,75000,50000,Yes
DCA00291,CUST00291,DB007,Business Debit Card,Visa,Business,XXXX-XXXX-XXXX-2944,2024-09-05,2028-08-23,Active,100000,50000,Yes
DCA00292,CUST00292,DB004,RuPay Debit Card,RuPay,Classic,XXXX-XXXX-XXXX-1055,2024-12-10,2029-03-10,Active,25000,50000,No
DCA00293,CUST00293,DB006,Women's Advantage Debit Card,Visa,Premium,XXXX-XXXX-XXXX-8253,2022-08-27,2031-07-20,Active,50000,100000,Yes
DCA00294,CUST00294,DB007,Business Debit Card,Visa,Business,XXXX-XXXX-XXXX-4641,2024-04-15,2031-06-06,Active,50000,50000,Yes
DCA00295,CUST00295,DB007,Business Debit Card,Visa,Business,XXXX-XXXX-XXXX-2879,2026-01-03,2027-12-09,Active,75000,200000,No
DCA00296,CUST00296,DB007,Business Debit Card,Visa,Business,XXXX-XXXX-XXXX-4028,2024-03-10,2030-04-21,Active,25000,100000,Yes
DCA00297,CUST00297,DB004,RuPay Debit Card,RuPay,Classic,XXXX-XXXX-XXXX-5461,2026-07-18,2029-03-19,Active,100000,150000,Yes
DCA00299,CUST00299,DB007,Business Debit Card,Visa,Business,XXXX-XXXX-XXXX-8843,2021-03-02,2030-04-24,Active,75000,150000,No
DCA00300,CUST00300,DB004,RuPay Debit Card,RuPay,Classic,XXXX-XXXX-XXXX-4406,2026-06-24,2028-03-25,Active,25000,150000,Yes
