customer_deposit_id,customer_id,deposit_product_id,deposit_product_name,deposit_category,deposit_status,principal_amount,interest_rate,deposit_tenure_months,maturity_date,maturity_amount,start_date,is_auto_renewal,account_id
DEP00001,CUST00004,DEP001,Regular Fixed Deposit,Fixed Deposit,Active,125191,6.5,23,2026-04-10,140787.71,2024-05-11,Yes,ACC00004
DEP00002,CUST00005,DEP004,Tax Saving Fixed Deposit,Tax Saving FD,Active,284256,6.5,53,2030-05-18,365861.16,2025-12-19,No,ACC00005
DEP00003,CUST00006,DEP001,Regular Fixed Deposit,Fixed Deposit,Active,67666,6.5,68,2032-03-14,92589.64,2026-07-17,No,ACC00006
DEP00004,CUST00007,DEP001,Regular Fixed Deposit,Fixed Deposit,Active,749863,6.5,25,2026-04-21,851406.95,2024-03-22,Yes,ACC00007
DEP00005,CUST00008,DEP001,Regular Fixed Deposit,Fixed Deposit,Active,14012,6.5,74,2030-01-19,19628.48,2023-11-23,No,ACC00009
DEP00006,CUST00010,DEP003,Recurring Deposit,Recurring Deposit,Active,842496,6.5,25,2026-01-11,956584.0,2023-12-13,Yes,ACC00011
DEP00007,CUST00011,DEP001,Regular Fixed Deposit,Fixed Deposit,Active,359062,6.5,69,2031-03-03,493261.42,2025-06-05,Yes,ACC00012
DEP00008,CUST00012,DEP001,Regular Fixed Deposit,Fixed Deposit,Active,492586,6.5,12,2027-06-22,524604.09,2026-06-23,Yes,ACC00013
DEP00009,CUST00015,DEP002,Senior Citizen Fixed Deposit,Fixed Deposit,Active,29961,7.0,61,2027-08-04,40622.12,2022-07-07,No,ACC00017
DEP00010,CUST00017,DEP001,Regular Fixed Deposit,Fixed Deposit,Active,1534545,6.5,36,2029-03-13,1833781.28,2026-03-15,No,ACC00019
DEP00011,CUST00018,DEP001,Regular Fixed Deposit,Fixed Deposit,Active,717194,6.5,74,2021-11-14,1004669.26,2015-09-18,Yes,ACC00021
DEP00012,CUST00023,DEP001,Regular Fixed Deposit,Fixed Deposit,Active,77028,6.5,20,2024-01-16,85372.7,2022-05-18,Yes,ACC00027
DEP00013,CUST00027,DEP001,Regular Fixed Deposit,Fixed Deposit,Active,257807,6.5,62,2026-02-13,344387.18,2020-12-17,No,ACC00031
DEP00014,CUST00031,DEP004,Tax Saving Fixed Deposit,Tax Saving FD,Active,100577,6.5,30,2023-01-08,116920.76,2020-07-10,No,ACC00035
DEP00015,CUST00033,DEP003,Recurring Deposit,Recurring Deposit,Active,122838,6.5,64,2026-10-08,165421.84,2021-06-11,No,ACC00037
DEP00016,CUST00034,DEP001,Regular Fixed Deposit,Fixed Deposit,Active,92492,6.5,41,2023-04-05,113032.93,2019-11-06,No,ACC00038
DEP00017,CUST00035,DEP001,Regular Fixed Deposit,Fixed Deposit,Active,89789,6.5,15,2023-08-31,97084.36,2022-06-01,No,ACC00039
DEP00018,CUST00038,DEP001,Regular Fixed Deposit,Fixed Deposit,Active,713882,6.5,48,2026-08-16,899491.32,2022-08-18,Yes,ACC00042
DEP00019,CUST00039,DEP001,Regular Fixed Deposit,Fixed Deposit,Active,180006,6.5,32,2023-04-05,211207.04,2020-08-06,No,ACC00044
DEP00020,CUST00044,DEP004,Tax Saving Fixed Deposit,Tax Saving FD,Active,399935,6.5,69,2029-03-20,549410.71,2023-06-23,No,ACC00050
DEP00021,CUST00045,DEP001,Regular Fixed Deposit,Fixed Deposit,Active,223011,6.5,58,2024-12-16,293073.62,2020-02-18,No,ACC00051
DEP00022,CUST00047,DEP001,Regular Fixed Deposit,Fixed Deposit,Active,338059,6.5,46,2027-07-16,422292.03,2023-09-17,Yes,ACC00053
DEP00023,CUST00050,DEP001,Regular Fixed Deposit,Fixed Deposit,Active,646472,6.5,49,2025-08-29,818056.44,2021-08-01,No,ACC00057
DEP00024,CUST00051,DEP001,Regular Fixed Deposit,Fixed Deposit,Active,478940,6.5,16,2027-06-14,520448.13,2026-02-13,No,ACC00058
DEP00025,CUST00054,DEP001,Regular Fixed Deposit,Fixed Deposit,Active,620549,6.5,73,2030-08-09,865924.42,2024-07-12,No,ACC00061
DEP00026,CUST00055,DEP004,Tax Saving Fixed Deposit,Tax Saving FD,Active,304421,6.5,24,2024-12-06,343995.73,2022-12-08,Yes,ACC00062
DEP00027,CUST00056,DEP003,Recurring Deposit,Recurring Deposit,Active,101326,6.5,44,2030-01-06,125475.36,2026-05-10,Yes,ACC00063
DEP00028,CUST00058,DEP001,Regular Fixed Deposit,Fixed Deposit,Active,262396,6.5,8,2021-06-16,273766.49,2020-10-16,Yes,ACC00065
DEP00029,CUST00063,DEP001,Regular Fixed Deposit,Fixed Deposit,Active,195515,6.5,22,2028-03-26,218813.87,2026-05-28,Yes,ACC00070
DEP00030,CUST00064,DEP001,Regular Fixed Deposit,Fixed Deposit,Active,199340,6.5,60,2031-07-12,264125.5,2026-07-14,Yes,ACC00071
DEP00031,CUST00065,DEP004,Tax Saving Fixed Deposit,Tax Saving FD,Active,284492,6.5,72,2031-05-11,395443.88,2025-05-14,Yes,ACC00073
DEP00032,CUST00067,DEP001,Regular Fixed Deposit,Fixed Deposit,Active,2435098,6.5,7,2026-08-29,2527428.8,2026-01-29,Yes,ACC00075
DEP00033,CUST00068,DEP001,Regular Fixed Deposit,Fixed Deposit,Active,534154,6.5,39,2028-02-18,646994.03,2024-11-20,Yes,ACC00076
DEP00034,CUST00071,DEP001,Regular Fixed Deposit,Fixed Deposit,Active,1746500,6.5,77,2028-07-25,2474936.04,2022-02-27,Yes,ACC00079
DEP00035,CUST00072,DEP001,Regular Fixed Deposit,Fixed Deposit,Active,146156,6.5,69,2024-02-07,200781.8,2018-05-12,No,ACC00080
DEP00036,CUST00074,DEP003,Recurring Deposit,Recurring Deposit,Active,259892,6.5,77,2026-12-10,368288.62,2020-07-14,Yes,ACC00082
DEP00037,CUST00075,DEP004,Tax Saving Fixed Deposit,Tax Saving FD,Active,640498,6.5,16,2025-03-14,696007.83,2023-11-14,No,ACC00083
DEP00038,CUST00076,DEP004,Tax Saving Fixed Deposit,Tax Saving FD,Active,503774,6.5,80,2031-09-14,722076.07,2025-01-16,Yes,ACC00084
DEP00039,CUST00077,DEP001,Regular Fixed Deposit,Fixed Deposit,Active,148277,6.5,40,2028-06-03,180403.68,2025-02-03,No,ACC00085
DEP00040,CUST00078,DEP004,Tax Saving Fixed Deposit,Tax Saving FD,Active,494856,6.5,79,2032-11-02,706613.13,2026-04-07,Yes,ACC00086
DEP00041,CUST00079,DEP001,Regular Fixed Deposit,Fixed Deposit,Active,166842,6.5,49,2027-03-10,211124.65,2023-02-10,Yes,ACC00087
DEP00042,CUST00081,DEP003,Recurring Deposit,Recurring Deposit,Active,1188799,6.5,56,2030-11-26,1549401.36,2026-03-30,Yes,ACC00089
DEP00043,CUST00083,DEP002,Senior Citizen Fixed Deposit,Fixed Deposit,Active,318580,7.0,24,2026-10-31,363181.2,2024-11-01,No,ACC00091
DEP00044,CUST00087,DEP001,Regular Fixed Deposit,Fixed Deposit,Active,864151,6.5,80,2032-11-15,1238616.43,2026-03-20,No,ACC00095
DEP00045,CUST00088,DEP001,Regular Fixed Deposit,Fixed Deposit,Active,12526,6.5,70,2026-07-20,17275.44,2020-09-21,Yes,ACC00096
DEP00046,CUST00089,DEP002,Senior Citizen Fixed Deposit,Fixed Deposit,Active,61810,7.0,12,2025-04-29,66136.7,2024-04-30,No,ACC00097
DEP00047,CUST00091,DEP001,Regular Fixed Deposit,Fixed Deposit,Active,1435446,6.5,9,2024-04-09,1505423.99,2023-07-11,No,ACC00099
DEP00048,CUST00093,DEP001,Regular Fixed Deposit,Fixed Deposit,Active,183702,6.5,47,2028-11-01,230469.47,2024-12-04,Yes,ACC00101
DEP00049,CUST00094,DEP001,Regular Fixed Deposit,Fixed Deposit,Active,83364,6.5,30,2029-01-07,96910.65,2026-07-10,No,ACC00102
DEP00050,CUST00095,DEP002,Senior Citizen Fixed Deposit,Fixed Deposit,Active,64193,7.0,39,2023-11-29,78796.91,2020-08-31,No,ACC00103
DEP00051,CUST00097,DEP001,Regular Fixed Deposit,Fixed Deposit,Active,159749,6.5,31,2027-03-05,186573.52,2024-08-05,No,ACC00105
DEP00052,CUST00098,DEP004,Tax Saving Fixed Deposit,Tax Saving FD,Active,730433,6.5,62,2027-06-15,975736.75,2022-04-18,No,ACC00106
DEP00053,CUST00101,DEP001,Regular Fixed Deposit,Fixed Deposit,Active,104042,6.5,74,2031-04-04,145745.5,2025-02-05,Yes,ACC00109
DEP00054,CUST00104,DEP001,Regular Fixed Deposit,Fixed Deposit,Active,119732,6.5,84,2032-01-18,174210.06,2025-01-21,Yes,ACC00113
DEP00055,CUST00107,DEP001,Regular Fixed Deposit,Fixed Deposit,Active,98384,6.5,8,2026-06-16,102647.31,2025-10-16,Yes,ACC00116
DEP00056,CUST00108,DEP004,Tax Saving Fixed Deposit,Tax Saving FD,Active,486084,6.5,12,2024-03-09,517679.46,2023-03-11,Yes,ACC00117
DEP00057,CUST00114,DEP001,Regular Fixed Deposit,Fixed Deposit,Active,1125419,6.5,7,2021-12-13,1168091.14,2021-05-15,No,ACC00123
DEP00058,CUST00116,DEP001,Regular Fixed Deposit,Fixed Deposit,Active,233376,6.5,59,2031-03-27,307959.08,2026-04-29,No,ACC00125
DEP00059,CUST00117,DEP001,Regular Fixed Deposit,Fixed Deposit,Active,308077,6.5,44,2029-05-06,381502.02,2025-09-07,No,ACC00126
DEP00060,CUST00118,DEP002,Senior Citizen Fixed Deposit,Fixed Deposit,Active,56195,7.0,75,2030-03-21,80780.31,2023-12-23,Yes,ACC00128
DEP00061,CUST00119,DEP001,Regular Fixed Deposit,Fixed Deposit,Active,194136,6.5,49,2026-05-14,245662.93,2022-04-16,Yes,ACC00129
DEP00062,CUST00120,DEP004,Tax Saving Fixed Deposit,Tax Saving FD,Active,252368,6.5,34,2029-05-16,298845.77,2026-07-18,No,ACC00130
DEP00063,CUST00121,DEP004,Tax Saving Fixed Deposit,Tax Saving FD,Active,665959,6.5,80,2029-11-11,954541.23,2023-03-16,No,ACC00131
DEP00064,CUST00122,DEP001,Regular Fixed Deposit,Fixed Deposit,Active,349958,6.5,36,2029-04-18,418199.81,2026-04-20,No,ACC00133
DEP00065,CUST00123,DEP001,Regular Fixed Deposit,Fixed Deposit,Active,783667,6.5,42,2025-11-14,961951.24,2022-05-18,Yes,ACC00135
DEP00066,CUST00124,DEP001,Regular Fixed Deposit,Fixed Deposit,Active,446218,6.5,17,2022-06-18,487307.24,2021-01-18,Yes,ACC00136
DEP00067,CUST00126,DEP001,Regular Fixed Deposit,Fixed Deposit,Active,460738,6.5,9,2026-01-26,483198.98,2025-04-28,Yes,ACC00138
DEP00068,CUST00127,DEP003,Recurring Deposit,Recurring Deposit,Active,139276,6.5,19,2026-01-19,153609.82,2024-06-21,Yes,ACC00139
DEP00069,CUST00128,DEP001,Regular Fixed Deposit,Fixed Deposit,Active,489526,6.5,79,2032-02-22,699002.33,2025-07-27,No,ACC00140
DEP00070,CUST00130,DEP001,Regular Fixed Deposit,Fixed Deposit,Active,28594,6.5,35,2021-12-05,34014.95,2019-01-06,No,ACC00142
DEP00071,CUST00133,DEP003,Recurring Deposit,Recurring Deposit,Active,13344,6.5,65,2027-08-11,18042.2,2022-03-14,No,ACC00145
DEP00072,CUST00137,DEP001,Regular Fixed Deposit,Fixed Deposit,Active,394394,6.5,59,2030-11-08,520435.75,2025-12-11,No,ACC00149
DEP00073,CUST00139,DEP004,Tax Saving Fixed Deposit,Tax Saving FD,Active,216205,6.5,21,2027-11-08,240798.32,2026-02-08,No,ACC00151
DEP00074,CUST00140,DEP003,Recurring Deposit,Recurring Deposit,Active,390542,6.5,22,2025-10-30,437081.59,2024-01-01,No,ACC00152
DEP00075,CUST00141,DEP004,Tax Saving Fixed Deposit,Tax Saving FD,Active,596692,6.5,80,2031-10-24,855258.53,2025-02-25,No,ACC00153
DEP00076,CUST00143,DEP001,Regular Fixed Deposit,Fixed Deposit,Active,212155,6.5,52,2029-04-16,271911.99,2024-12-18,No,ACC00157
DEP00077,CUST00144,DEP001,Regular Fixed Deposit,Fixed Deposit,Active,183434,6.5,39,2029-06-12,222184.43,2026-03-15,Yes,ACC00158
DEP00078,CUST00146,DEP003,Recurring Deposit,Recurring Deposit,Active,34050,6.5,45,2028-10-28,42349.69,2025-01-29,No,ACC00160
DEP00079,CUST00147,DEP001,Regular Fixed Deposit,Fixed Deposit,Active,1146745,6.5,16,2027-09-10,1246129.57,2026-05-12,Yes,ACC00161
DEP00080,CUST00148,DEP004,Tax Saving Fixed Deposit,Tax Saving FD,Active,38462,6.5,60,2021-03-12,50962.15,2016-03-14,Yes,ACC00163
DEP00081,CUST00150,DEP001,Regular Fixed Deposit,Fixed Deposit,Active,321687,6.5,58,2030-11-08,422750.33,2026-01-10,No,ACC00165
DEP00082,CUST00152,DEP004,Tax Saving Fixed Deposit,Tax Saving FD,Active,707294,6.5,52,2028-07-09,906515.14,2024-03-12,Yes,ACC00167
DEP00083,CUST00153,DEP003,Recurring Deposit,Recurring Deposit,Active,666166,6.5,66,2028-12-22,904320.34,2023-06-26,Yes,ACC00168
DEP00084,CUST00157,DEP001,Regular Fixed Deposit,Fixed Deposit,Active,154080,6.5,25,2026-03-02,174945.0,2024-02-01,No,ACC00172
DEP00085,CUST00165,DEP001,Regular Fixed Deposit,Fixed Deposit,Active,439805,6.5,10,2025-11-28,463627.77,2025-01-28,No,ACC00181
DEP00086,CUST00166,DEP001,Regular Fixed Deposit,Fixed Deposit,Active,421624,6.5,7,2024-08-19,437610.58,2024-01-20,Yes,ACC00182
DEP00087,CUST00171,DEP003,Recurring Deposit,Recurring Deposit,Active,3762873,6.5,24,2024-11-02,4252046.49,2022-11-04,No,ACC00187
DEP00088,CUST00175,DEP003,Recurring Deposit,Recurring Deposit,Active,31817,6.5,69,2030-05-16,43708.6,2024-08-18,No,ACC00191
DEP00089,CUST00178,DEP004,Tax Saving Fixed Deposit,Tax Saving FD,Active,1734223,6.5,19,2021-05-27,1912703.45,2019-10-28,No,ACC00194
DEP00090,CUST00180,DEP004,Tax Saving Fixed Deposit,Tax Saving FD,Active,171083,6.5,7,2027-01-13,177569.9,2026-06-15,No,ACC00196
DEP00091,CUST00182,DEP001,Regular Fixed Deposit,Fixed Deposit,Active,250791,6.5,35,2021-12-12,298336.79,2019-01-13,No,ACC00198
DEP00092,CUST00183,DEP003,Recurring Deposit,Recurring Deposit,Active,625398,6.5,18,2026-10-27,686374.3,2025-04-28,Yes,ACC00199
DEP00093,CUST00187,DEP004,Tax Saving Fixed Deposit,Tax Saving FD,Active,496254,6.5,78,2031-10-05,705921.32,2025-04-08,No,ACC00203
DEP00094,CUST00188,DEP001,Regular Fixed Deposit,Fixed Deposit,Active,103372,6.5,78,2032-09-12,147046.67,2026-03-17,No,ACC00204
DEP00095,CUST00189,DEP001,Regular Fixed Deposit,Fixed Deposit,Active,1394469,6.5,69,2032-01-23,1915651.79,2026-04-27,Yes,ACC00205
DEP00096,CUST00194,DEP001,Regular Fixed Deposit,Fixed Deposit,Active,144608,6.5,72,2028-06-17,201005.12,2022-06-21,Yes,ACC00210
DEP00097,CUST00200,DEP001,Regular Fixed Deposit,Fixed Deposit,Active,60471,6.5,80,2032-11-24,86675.1,2026-03-29,Yes,ACC00216
DEP00098,CUST00202,DEP003,Recurring Deposit,Recurring Deposit,Active,535126,6.5,25,2025-01-21,607590.98,2022-12-23,Yes,ACC00218
DEP00099,CUST00203,DEP001,Regular Fixed Deposit,Fixed Deposit,Active,146814,6.5,16,2026-09-14,159537.88,2025-05-16,Yes,ACC00219
DEP00100,CUST00204,DEP001,Regular Fixed Deposit,Fixed Deposit,Active,192366,6.5,68,2030-11-11,263220.81,2025-03-15,Yes,ACC00220
DEP00101,CUST00207,DEP004,Tax Saving Fixed Deposit,Tax Saving FD,Active,18216,6.5,21,2024-09-10,20288.07,2022-12-12,Yes,ACC00223
DEP00102,CUST00210,DEP003,Recurring Deposit,Recurring Deposit,Active,393293,6.5,31,2027-07-16,459333.45,2024-12-16,Yes,ACC00226
DEP00103,CUST00212,DEP003,Recurring Deposit,Recurring Deposit,Active,714219,6.5,64,2031-03-29,961814.92,2025-11-30,No,ACC00228
DEP00104,CUST00213,DEP001,Regular Fixed Deposit,Fixed Deposit,Active,148724,6.5,78,2027-12-15,211559.89,2021-06-18,No,ACC00229
DEP00105,CUST00214,DEP001,Regular Fixed Deposit,Fixed Deposit,Active,49700,6.5,67,2030-02-26,67736.96,2024-07-31,No,ACC00230
DEP00106,CUST00215,DEP003,Recurring Deposit,Recurring Deposit,Active,605952,6.5,52,2028-04-18,776628.48,2023-12-21,Yes,ACC00231
DEP00107,CUST00222,DEP001,Regular Fixed Deposit,Fixed Deposit,Active,806646,6.5,55,2020-10-20,1046959.29,2016-03-23,Yes,ACC00239
DEP00108,CUST00223,DEP001,Regular Fixed Deposit,Fixed Deposit,Active,31282,6.5,59,2030-03-23,41279.21,2025-04-25,Yes,ACC00240
DEP00109,CUST00227,DEP001,Regular Fixed Deposit,Fixed Deposit,Active,266357,6.5,66,2030-06-01,361579.63,2024-12-03,No,ACC00246
DEP00110,CUST00229,DEP001,Regular Fixed Deposit,Fixed Deposit,Active,105061,6.5,46,2028-05-28,131238.7,2024-07-30,No,ACC00248
DEP00111,CUST00230,DEP003,Recurring Deposit,Recurring Deposit,Active,1325333,6.5,70,2031-09-17,1827855.1,2025-11-19,No,ACC00249
DEP00112,CUST00238,DEP001,Regular Fixed Deposit,Fixed Deposit,Active,185600,6.5,55,2028-07-06,240893.33,2023-12-08,No,ACC00258
DEP00113,CUST00239,DEP003,Recurring Deposit,Recurring Deposit,Active,353435,6.5,35,2018-07-31,420440.39,2015-09-01,No,ACC00260
DEP00114,CUST00246,DEP004,Tax Saving Fixed Deposit,Tax Saving FD,Active,321916,6.5,58,2027-12-15,423051.28,2023-02-16,No,ACC00267
DEP00115,CUST00247,DEP004,Tax Saving Fixed Deposit,Tax Saving FD,Active,292786,6.5,23,2027-07-09,329262.26,2025-08-09,Yes,ACC00268
DEP00116,CUST00249,DEP001,Regular Fixed Deposit,Fixed Deposit,Active,538497,6.5,77,2032-11-02,763095.12,2026-06-07,No,ACC00270
DEP00117,CUST00250,DEP001,Regular Fixed Deposit,Fixed Deposit,Active,1149503,6.5,49,2027-05-06,1454600.25,2023-04-08,No,ACC00272
DEP00118,CUST00253,DEP001,Regular Fixed Deposit,Fixed Deposit,Active,960357,6.5,80,2029-12-10,1376511.7,2023-04-14,Yes,ACC00275
DEP00119,CUST00261,DEP004,Tax Saving Fixed Deposit,Tax Saving FD,Active,395355,6.5,82,2031-10-03,570958.51,2024-12-06,No,ACC00285
DEP00120,CUST00262,DEP004,Tax Saving Fixed Deposit,Tax Saving FD,Active,788772,6.5,49,2022-12-28,998125.23,2018-11-30,No,ACC00286
DEP00121,CUST00263,DEP002,Senior Citizen Fixed Deposit,Fixed Deposit,Active,84201,7.0,37,2027-06-02,102374.38,2024-05-04,No,ACC00288
DEP00122,CUST00264,DEP001,Regular Fixed Deposit,Fixed Deposit,Active,229539,6.5,65,2028-11-19,310355.86,2023-06-23,No,ACC00289
DEP00123,CUST00267,DEP001,Regular Fixed Deposit,Fixed Deposit,Active,111776,6.5,20,2027-01-11,123885.07,2025-05-13,Yes,ACC00293
DEP00124,CUST00269,DEP001,Regular Fixed Deposit,Fixed Deposit,Active,490424,6.5,36,2024-11-21,586056.68,2021-11-23,Yes,ACC00296
DEP00125,CUST00274,DEP001,Regular Fixed Deposit,Fixed Deposit,Active,109289,6.5,51,2030-03-15,139480.09,2025-12-16,Yes,ACC00302
DEP00126,CUST00275,DEP001,Regular Fixed Deposit,Fixed Deposit,Active,758952,6.5,7,2026-06-06,787728.93,2025-11-06,Yes,ACC00303
DEP00127,CUST00278,DEP002,Senior Citizen Fixed Deposit,Fixed Deposit,Active,36947,7.0,57,2030-11-24,49231.88,2026-02-26,No,ACC00306
DEP00128,CUST00279,DEP003,Recurring Deposit,Recurring Deposit,Active,162449,6.5,55,2029-03-18,210845.26,2024-08-19,No,ACC00307
DEP00129,CUST00280,DEP003,Recurring Deposit,Recurring Deposit,Active,202475,6.5,40,2020-12-17,246344.58,2017-08-19,No,ACC00308
DEP00130,CUST00282,DEP003,Recurring Deposit,Recurring Deposit,Active,2150248,6.5,45,2026-02-08,2674370.95,2022-05-12,Yes,ACC00311
DEP00131,CUST00284,DEP001,Regular Fixed Deposit,Fixed Deposit,Active,263004,6.5,81,2029-12-02,378397.01,2023-03-07,No,ACC00314
DEP00132,CUST00285,DEP001,Regular Fixed Deposit,Fixed Deposit,Active,301271,6.5,82,2031-03-08,435085.54,2024-05-11,Yes,ACC00315
DEP00133,CUST00288,DEP002,Senior Citizen Fixed Deposit,Fixed Deposit,Active,157728,7.0,47,2026-10-15,200971.76,2022-11-17,No,ACC00318
DEP00134,CUST00292,DEP001,Regular Fixed Deposit,Fixed Deposit,Active,205770,6.5,17,2026-02-19,224717.99,2024-09-21,No,ACC00322
DEP00135,CUST00294,DEP001,Regular Fixed Deposit,Fixed Deposit,Active,113128,6.5,70,2030-02-07,156022.37,2024-04-11,No,ACC00325
DEP00136,CUST00301,DEP001,Regular Fixed Deposit,Fixed Deposit,Active,751181,6.5,12,2023-04-15,800007.77,2022-04-16,Yes,ACC00333
DEP00137,CUST00302,DEP003,Recurring Deposit,Recurring Deposit,Active,258113,6.5,22,2027-07-29,288871.47,2025-09-29,Yes,ACC00334
DEP00138,CUST00305,DEP004,Tax Saving Fixed Deposit,Tax Saving FD,Active,425185,6.5,26,2024-05-13,485065.22,2022-03-15,Yes,ACC00338
DEP00139,CUST00311,DEP002,Senior Citizen Fixed Deposit,Fixed Deposit,Active,1384505,7.0,56,2025-02-01,1836776.63,2020-06-05,Yes,ACC00345
DEP00140,CUST00313,DEP004,Tax Saving Fixed Deposit,Tax Saving FD,Active,885335,6.5,48,2027-02-16,1115522.1,2023-02-18,No,ACC00347
DEP00141,CUST00316,DEP004,Tax Saving Fixed Deposit,Tax Saving FD,Active,934936,6.5,84,2033-03-18,1360331.88,2026-03-22,No,ACC00350
DEP00142,CUST00320,DEP001,Regular Fixed Deposit,Fixed Deposit,Active,86764,6.5,60,2029-01-01,114962.3,2024-01-04,Yes,ACC00354
DEP00143,CUST00321,DEP001,Regular Fixed Deposit,Fixed Deposit,Active,61292,6.5,77,2032-04-05,86855.87,2025-11-08,No,ACC00355
DEP00144,CUST00323,DEP004,Tax Saving Fixed Deposit,Tax Saving FD,Active,212318,6.5,32,2028-02-11,249119.79,2025-06-14,Yes,ACC00357
DEP00145,CUST00326,DEP001,Regular Fixed Deposit,Fixed Deposit,Active,16404,6.5,9,2019-04-07,17203.69,2018-07-08,Yes,ACC00360
DEP00146,CUST00327,DEP003,Recurring Deposit,Recurring Deposit,Active,176166,6.5,60,2030-12-20,233419.95,2025-12-22,Yes,ACC00361
DEP00147,CUST00331,DEP004,Tax Saving Fixed Deposit,Tax Saving FD,Active,340876,6.5,68,2029-02-28,466431.99,2023-07-03,No,ACC00365
DEP00148,CUST00335,DEP001,Regular Fixed Deposit,Fixed Deposit,Active,66337,6.5,68,2031-06-15,90771.13,2025-10-17,No,ACC00371
DEP00149,CUST00336,DEP001,Regular Fixed Deposit,Fixed Deposit,Active,147915,6.5,41,2027-03-22,180764.46,2023-10-23,Yes,ACC00372
DEP00150,CUST00338,DEP002,Senior Citizen Fixed Deposit,Fixed Deposit,Active,31798,7.0,30,2027-01-22,37362.65,2024-07-24,Yes,ACC00374
DEP00151,CUST00339,DEP004,Tax Saving Fixed Deposit,Tax Saving FD,Active,490841,6.5,57,2030-11-15,642388.16,2026-02-17,Yes,ACC00375
DEP00152,CUST00342,DEP003,Recurring Deposit,Recurring Deposit,Active,392929,6.5,8,2025-01-05,409955.92,2024-05-07,Yes,ACC00378
DEP00153,CUST00344,DEP001,Regular Fixed Deposit,Fixed Deposit,Active,565915,6.5,13,2026-12-29,605764.85,2025-11-29,No,ACC00380
DEP00154,CUST00346,DEP001,Regular Fixed Deposit,Fixed Deposit,Active,63568,6.5,15,2023-08-27,68732.9,2022-05-28,Yes,ACC00382
DEP00155,CUST00349,DEP001,Regular Fixed Deposit,Fixed Deposit,Active,75223,6.5,6,2026-08-11,77667.75,2026-02-10,Yes,ACC00385
DEP00156,CUST00352,DEP003,Recurring Deposit,Recurring Deposit,Active,274717,6.5,20,2023-07-22,304478.01,2021-11-21,Yes,ACC00389
DEP00157,CUST00354,DEP001,Regular Fixed Deposit,Fixed Deposit,Active,312111,6.5,19,2023-10-20,344232.42,2022-03-22,No,ACC00392
DEP00158,CUST00356,DEP001,Regular Fixed Deposit,Fixed Deposit,Active,600941,6.5,35,2028-08-26,714869.4,2025-09-27,No,ACC00394
DEP00159,CUST00357,DEP002,Senior Citizen Fixed Deposit,Fixed Deposit,Active,2112913,7.0,47,2027-04-13,2692203.31,2023-05-16,Yes,ACC00395
DEP00160,CUST00360,DEP003,Recurring Deposit,Recurring Deposit,Active,28428,6.5,25,2022-07-19,32277.63,2020-06-19,Yes,ACC00398
DEP00161,CUST00361,DEP001,Regular Fixed Deposit,Fixed Deposit,Active,561405,6.5,24,2023-07-03,634387.65,2021-07-04,Yes,ACC00399
DEP00162,CUST00364,DEP003,Recurring Deposit,Recurring Deposit,Active,476453,6.5,69,2027-06-29,654527.31,2021-10-01,Yes,ACC00402
DEP00163,CUST00365,DEP001,Regular Fixed Deposit,Fixed Deposit,Active,293683,6.5,59,2031-02-07,387539.19,2026-03-12,No,ACC00403
DEP00164,CUST00366,DEP001,Regular Fixed Deposit,Fixed Deposit,Active,80434,6.5,76,2022-07-06,113546.0,2016-03-09,Yes,ACC00404
DEP00165,CUST00367,DEP001,Regular Fixed Deposit,Fixed Deposit,Active,166298,6.5,26,2027-02-18,189718.3,2024-12-20,No,ACC00405
DEP00166,CUST00368,DEP004,Tax Saving Fixed Deposit,Tax Saving FD,Active,1734907,6.5,7,2018-07-31,1800688.89,2017-12-31,Yes,ACC00406
DEP00167,CUST00375,DEP001,Regular Fixed Deposit,Fixed Deposit,Active,1054254,6.5,42,2027-05-27,1294096.79,2023-11-28,No,ACC00413
DEP00168,CUST00377,DEP004,Tax Saving Fixed Deposit,Tax Saving FD,Active,580657,6.5,6,2021-04-10,599528.35,2020-10-10,Yes,ACC00416
DEP00169,CUST00379,DEP001,Regular Fixed Deposit,Fixed Deposit,Active,945492,6.5,72,2026-09-17,1314233.88,2020-09-20,Yes,ACC00418
DEP00170,CUST00380,DEP001,Regular Fixed Deposit,Fixed Deposit,Active,14107,6.5,58,2031-01-21,18538.95,2026-03-25,Yes,ACC00419
DEP00171,CUST00381,DEP004,Tax Saving Fixed Deposit,Tax Saving FD,Active,663014,6.5,23,2019-09-14,745614.49,2017-10-15,Yes,ACC00420
DEP00172,CUST00385,DEP001,Regular Fixed Deposit,Fixed Deposit,Active,194766,6.5,46,2024-03-11,243295.2,2020-05-13,No,ACC00424
DEP00173,CUST00386,DEP001,Regular Fixed Deposit,Fixed Deposit,Active,86186,6.5,81,2030-07-01,124000.11,2023-10-04,No,ACC00425
DEP00174,CUST00389,DEP001,Regular Fixed Deposit,Fixed Deposit,Active,152661,6.5,54,2027-07-01,197314.34,2023-01-02,Yes,ACC00428
DEP00175,CUST00390,DEP004,Tax Saving Fixed Deposit,Tax Saving FD,Active,108879,6.5,68,2025-10-16,148982.77,2020-02-18,Yes,ACC00429
DEP00176,CUST00392,DEP001,Regular Fixed Deposit,Fixed Deposit,Active,159585,6.5,66,2026-04-05,216636.64,2020-10-07,No,ACC00431
DEP00177,CUST00393,DEP001,Regular Fixed Deposit,Fixed Deposit,Active,94160,6.5,30,2025-06-12,109461.0,2022-12-13,No,ACC00432
DEP00178,CUST00395,DEP002,Senior Citizen Fixed Deposit,Fixed Deposit,Active,502217,7.0,75,2032-03-16,721936.94,2025-12-18,Yes,ACC00434
DEP00179,CUST00398,DEP001,Regular Fixed Deposit,Fixed Deposit,Active,134645,6.5,60,2027-09-02,178404.62,2022-09-04,Yes,ACC00437
DEP00180,CUST00401,DEP004,Tax Saving Fixed Deposit,Tax Saving FD,Active,536123,6.5,73,2028-06-30,748114.97,2022-06-03,Yes,ACC00441
DEP00181,CUST00402,DEP001,Regular Fixed Deposit,Fixed Deposit,Active,54382,6.5,41,2028-05-07,66459.34,2024-12-08,No,ACC00442
DEP00182,CUST00403,DEP001,Regular Fixed Deposit,Fixed Deposit,Active,189563,6.5,70,2025-11-23,261438.97,2020-01-26,Yes,ACC00443
DEP00183,CUST00408,DEP001,Regular Fixed Deposit,Fixed Deposit,Active,15772,6.5,82,2029-11-07,22777.4,2023-01-11,No,ACC00449
DEP00184,CUST00410,DEP003,Recurring Deposit,Recurring Deposit,Active,324737,6.5,40,2025-10-05,395096.68,2022-06-07,No,ACC00451
DEP00185,CUST00412,DEP002,Senior Citizen Fixed Deposit,Fixed Deposit,Active,131917,7.0,54,2025-11-21,173470.85,2021-05-25,Yes,ACC00453
DEP00186,CUST00417,DEP001,Regular Fixed Deposit,Fixed Deposit,Active,447414,6.5,35,2026-03-22,532236.24,2023-04-23,No,ACC00458
DEP00187,CUST00419,DEP004,Tax Saving Fixed Deposit,Tax Saving FD,Active,217919,6.5,80,2025-08-12,312350.57,2018-12-15,No,ACC00460
DEP00188,CUST00421,DEP002,Senior Citizen Fixed Deposit,Fixed Deposit,Active,61570,7.0,13,2026-10-22,66239.06,2025-09-22,Yes,ACC00462
DEP00189,CUST00423,DEP004,Tax Saving Fixed Deposit,Tax Saving FD,Active,179173,6.5,19,2025-07-10,197612.89,2023-12-11,No,ACC00464
DEP00190,CUST00425,DEP001,Regular Fixed Deposit,Fixed Deposit,Active,271257,6.5,67,2031-04-28,369700.69,2025-09-30,No,ACC00466
DEP00191,CUST00427,DEP004,Tax Saving Fixed Deposit,Tax Saving FD,Active,1689268,6.5,74,2032-05-06,2366382.92,2026-03-10,No,ACC00468
DEP00192,CUST00430,DEP004,Tax Saving Fixed Deposit,Tax Saving FD,Active,150996,6.5,82,2032-01-26,218063.39,2025-03-31,Yes,ACC00473
DEP00193,CUST00431,DEP001,Regular Fixed Deposit,Fixed Deposit,Active,99157,6.5,27,2025-04-30,113658.71,2023-01-31,No,ACC00474
DEP00194,CUST00433,DEP001,Regular Fixed Deposit,Fixed Deposit,Active,572072,6.5,67,2024-03-10,779686.46,2018-08-13,Yes,ACC00476
DEP00195,CUST00438,DEP004,Tax Saving Fixed Deposit,Tax Saving FD,Active,555486,6.5,36,2027-02-22,663805.77,2024-02-24,Yes,ACC00481
DEP00196,CUST00439,DEP001,Regular Fixed Deposit,Fixed Deposit,Active,29355,6.5,57,2023-11-11,38418.36,2019-02-13,Yes,ACC00482
DEP00197,CUST00444,DEP001,Regular Fixed Deposit,Fixed Deposit,Active,94097,6.5,29,2028-06-08,108878.07,2026-01-09,No,ACC00487
DEP00198,CUST00448,DEP001,Regular Fixed Deposit,Fixed Deposit,Active,95738,6.5,52,2029-12-02,122704.2,2025-08-05,No,ACC00491
DEP00199,CUST00451,DEP004,Tax Saving Fixed Deposit,Tax Saving FD,Active,25659,6.5,80,2032-08-29,36777.9,2026-01-01,No,ACC00494
DEP00200,CUST00454,DEP001,Regular Fixed Deposit,Fixed Deposit,Active,736529,6.5,11,2026-02-12,780413.85,2025-03-15,Yes,ACC00497
DEP00201,CUST00456,DEP001,Regular Fixed Deposit,Fixed Deposit,Active,35799,6.5,10,2022-10-26,37738.11,2021-12-26,No,ACC00499
DEP00202,CUST00457,DEP001,Regular Fixed Deposit,Fixed Deposit,Active,534866,6.5,27,2027-12-24,613090.15,2025-09-25,No,ACC00500
DEP00203,CUST00458,DEP003,Recurring Deposit,Recurring Deposit,Active,674578,6.5,42,2029-05-11,828044.49,2025-11-12,Yes,ACC00501
DEP00204,CUST00459,DEP001,Regular Fixed Deposit,Fixed Deposit,Active,558588,6.5,21,2021-11-05,622127.39,2020-02-06,Yes,ACC00503
DEP00205,CUST00460,DEP001,Regular Fixed Deposit,Fixed Deposit,Active,970194,6.5,45,2028-05-15,1206678.79,2024-08-16,Yes,ACC00505
DEP00206,CUST00461,DEP001,Regular Fixed Deposit,Fixed Deposit,Active,99284,6.5,52,2030-01-09,127248.99,2025-09-12,Yes,ACC00506
DEP00207,CUST00462,DEP003,Recurring Deposit,Recurring Deposit,Active,133495,6.5,21,2021-12-02,148680.06,2020-03-04,Yes,ACC00507
DEP00208,CUST00463,DEP002,Senior Citizen Fixed Deposit,Fixed Deposit,Active,41046,7.0,57,2030-09-24,54693.79,2025-12-27,Yes,ACC00508
DEP00209,CUST00464,DEP001,Regular Fixed Deposit,Fixed Deposit,Active,281426,6.5,35,2027-05-30,334779.68,2024-06-30,No,ACC00509
DEP00210,CUST00466,DEP001,Regular Fixed Deposit,Fixed Deposit,Active,386760,6.5,64,2027-08-04,520836.8,2022-04-07,Yes,ACC00511
DEP00211,CUST00467,DEP001,Regular Fixed Deposit,Fixed Deposit,Active,113504,6.5,20,2023-02-14,125800.27,2021-06-16,Yes,ACC00512
DEP00212,CUST00469,DEP002,Senior Citizen Fixed Deposit,Fixed Deposit,Active,98858,7.0,13,2027-08-03,106354.73,2026-07-04,Yes,ACC00515
DEP00213,CUST00470,DEP003,Recurring Deposit,Recurring Deposit,Active,391363,6.5,9,2026-05-28,410441.95,2025-08-28,No,ACC00516
DEP00214,CUST00472,DEP003,Recurring Deposit,Recurring Deposit,Active,60039,6.5,80,2030-10-11,86055.9,2024-02-13,Yes,ACC00518
DEP00215,CUST00474,DEP001,Regular Fixed Deposit,Fixed Deposit,Active,2912059,6.5,13,2022-04-29,3117116.49,2021-03-30,Yes,ACC00520
DEP00216,CUST00476,DEP001,Regular Fixed Deposit,Fixed Deposit,Active,211493,6.5,55,2029-09-15,274500.29,2025-02-16,Yes,ACC00522
DEP00217,CUST00477,DEP003,Recurring Deposit,Recurring Deposit,Active,366066,6.5,49,2025-09-23,463226.02,2021-08-26,Yes,ACC00523
DEP00218,CUST00479,DEP001,Regular Fixed Deposit,Fixed Deposit,Active,836551,6.5,67,2023-05-27,1140149.3,2017-10-29,No,ACC00525
DEP00219,CUST00485,DEP003,Recurring Deposit,Recurring Deposit,Active,205560,6.5,18,2025-08-31,225602.1,2024-03-02,Yes,ACC00533
DEP00220,CUST00493,DEP003,Recurring Deposit,Recurring Deposit,Active,54940,6.5,33,2021-08-01,64760.53,2018-11-02,No,ACC00543
DEP00221,CUST00497,DEP004,Tax Saving Fixed Deposit,Tax Saving FD,Active,498579,6.5,43,2027-08-02,614706.36,2024-01-03,Yes,ACC00547
DEP00222,CUST00498,DEP002,Senior Citizen Fixed Deposit,Fixed Deposit,Active,550743,7.0,68,2028-06-28,769204.39,2022-10-31,Yes,ACC00548
DEP00223,CUST00501,DEP004,Tax Saving Fixed Deposit,Tax Saving FD,Active,15921,6.5,53,2024-05-11,20491.65,2019-12-13,No,ACC00553
DEP00224,CUST00502,DEP004,Tax Saving Fixed Deposit,Tax Saving FD,Active,170369,6.5,78,2028-04-12,242349.9,2021-10-15,Yes,ACC00554
DEP00225,CUST00503,DEP001,Regular Fixed Deposit,Fixed Deposit,Active,1025086,6.5,30,2027-04-23,1191662.48,2024-10-23,Yes,ACC00555
DEP00226,CUST00507,DEP002,Senior Citizen Fixed Deposit,Fixed Deposit,Active,118501,7.0,65,2031-05-09,163432.63,2025-12-10,Yes,ACC00561
DEP00227,CUST00509,DEP001,Regular Fixed Deposit,Fixed Deposit,Active,95333,6.5,9,2025-06-11,99980.48,2024-09-11,No,ACC00564
DEP00228,CUST00510,DEP001,Regular Fixed Deposit,Fixed Deposit,Active,1435119,6.5,47,2020-03-07,1800476.38,2016-04-09,Yes,ACC00565
DEP00229,CUST00512,DEP001,Regular Fixed Deposit,Fixed Deposit,Active,446058,6.5,82,2031-12-05,644182.09,2025-02-07,No,ACC00567
DEP00230,CUST00513,DEP004,Tax Saving Fixed Deposit,Tax Saving FD,Active,133275,6.5,27,2021-06-16,152766.47,2019-03-19,Yes,ACC00569
DEP00231,CUST00514,DEP003,Recurring Deposit,Recurring Deposit,Active,162521,6.5,24,2026-11-01,183648.73,2024-11-02,No,ACC00570
DEP00232,CUST00515,DEP004,Tax Saving Fixed Deposit,Tax Saving FD,Active,96050,6.5,11,2026-03-07,101772.98,2025-04-07,Yes,ACC00571
DEP00233,CUST00516,DEP001,Regular Fixed Deposit,Fixed Deposit,Active,199130,6.5,80,2032-09-11,285419.67,2026-01-14,No,ACC00572
DEP00234,CUST00517,DEP001,Regular Fixed Deposit,Fixed Deposit,Active,208656,6.5,46,2029-01-07,260646.12,2025-03-11,No,ACC00573
DEP00235,CUST00521,DEP004,Tax Saving Fixed Deposit,Tax Saving FD,Active,76299,6.5,34,2021-01-17,90350.73,2018-03-21,Yes,ACC00577
DEP00236,CUST00524,DEP003,Recurring Deposit,Recurring Deposit,Active,123798,6.5,60,2026-04-04,164032.35,2021-04-06,Yes,ACC00580
DEP00237,CUST00527,DEP003,Recurring Deposit,Recurring Deposit,Active,1497216,6.5,73,2032-04-11,2089240.16,2026-03-15,Yes,ACC00584
DEP00238,CUST00531,DEP001,Regular Fixed Deposit,Fixed Deposit,Active,166911,6.5,84,2031-05-16,242855.51,2024-05-19,Yes,ACC00589
DEP00239,CUST00535,DEP001,Regular Fixed Deposit,Fixed Deposit,Active,124835,6.5,66,2031-01-03,169463.51,2025-07-07,Yes,ACC00593
DEP00240,CUST00537,DEP001,Regular Fixed Deposit,Fixed Deposit,Active,356521,6.5,74,2031-02-05,499426.5,2024-12-09,No,ACC00595
DEP00241,CUST00539,DEP001,Regular Fixed Deposit,Fixed Deposit,Active,230257,6.5,50,2022-10-17,292618.27,2018-08-19,Yes,ACC00597
DEP00242,CUST00543,DEP001,Regular Fixed Deposit,Fixed Deposit,Active,102743,6.5,19,2021-04-02,113316.97,2019-09-03,No,ACC00601
DEP00243,CUST00545,DEP001,Regular Fixed Deposit,Fixed Deposit,Active,534886,6.5,68,2028-10-23,731902.34,2023-02-25,Yes,ACC00604
DEP00244,CUST00546,DEP004,Tax Saving Fixed Deposit,Tax Saving FD,Active,186579,6.5,11,2027-05-02,197696.0,2026-06-02,Yes,ACC00605
DEP00245,CUST00549,DEP002,Senior Citizen Fixed Deposit,Fixed Deposit,Active,448248,7.0,33,2028-04-02,534535.74,2025-07-04,Yes,ACC00608
DEP00246,CUST00550,DEP001,Regular Fixed Deposit,Fixed Deposit,Active,47596,6.5,60,2028-06-07,63064.7,2023-06-10,No,ACC00609
DEP00247,CUST00551,DEP001,Regular Fixed Deposit,Fixed Deposit,Active,229440,6.5,42,2026-01-10,281637.6,2022-07-14,Yes,ACC00610
DEP00248,CUST00553,DEP001,Regular Fixed Deposit,Fixed Deposit,Active,292222,6.5,58,2027-11-29,384028.41,2023-01-31,No,ACC00612
DEP00249,CUST00554,DEP001,Regular Fixed Deposit,Fixed Deposit,Active,63449,6.5,82,2031-10-08,91630.93,2024-12-11,Yes,ACC00614
DEP00250,CUST00555,DEP001,Regular Fixed Deposit,Fixed Deposit,Active,190743,6.5,83,2033-02-19,276497.87,2026-03-25,Yes,ACC00615
DEP00251,CUST00557,DEP004,Tax Saving Fixed Deposit,Tax Saving FD,Active,237515,6.5,80,2032-02-19,340438.17,2025-06-23,Yes,ACC00617
DEP00252,CUST00559,DEP001,Regular Fixed Deposit,Fixed Deposit,Active,772062,6.5,12,2027-03-06,822246.03,2026-03-07,Yes,ACC00619
DEP00253,CUST00560,DEP001,Regular Fixed Deposit,Fixed Deposit,Active,3261460,6.5,8,2026-03-13,3402789.93,2025-07-13,Yes,ACC00620
DEP00254,CUST00561,DEP004,Tax Saving Fixed Deposit,Tax Saving FD,Active,104452,6.5,77,2031-02-27,148017.19,2024-10-01,No,ACC00621
DEP00255,CUST00564,DEP001,Regular Fixed Deposit,Fixed Deposit,Active,163361,6.5,22,2023-06-23,182828.19,2021-08-24,Yes,ACC00624
DEP00256,CUST00565,DEP001,Regular Fixed Deposit,Fixed Deposit,Active,195870,6.5,31,2028-01-30,228759.84,2025-07-02,Yes,ACC00625
DEP00257,CUST00567,DEP001,Regular Fixed Deposit,Fixed Deposit,Active,105958,6.5,39,2027-08-12,128341.63,2024-05-14,Yes,ACC00627
DEP00258,CUST00569,DEP003,Recurring Deposit,Recurring Deposit,Active,28713,6.5,37,2026-10-15,34467.56,2023-09-17,No,ACC00629
DEP00259,CUST00570,DEP001,Regular Fixed Deposit,Fixed Deposit,Active,310446,6.5,54,2030-05-09,401251.46,2025-11-10,No,ACC00630
DEP00260,CUST00572,DEP001,Regular Fixed Deposit,Fixed Deposit,Active,719983,6.5,23,2027-09-16,809680.88,2025-10-17,No,ACC00632
DEP00261,CUST00573,DEP001,Regular Fixed Deposit,Fixed Deposit,Active,220676,6.5,58,2029-09-06,290005.04,2024-11-08,Yes,ACC00634
DEP00262,CUST00574,DEP003,Recurring Deposit,Recurring Deposit,Active,12566,6.5,71,2030-04-04,17398.67,2024-05-07,Yes,ACC00635
DEP00263,CUST00575,DEP001,Regular Fixed Deposit,Fixed Deposit,Active,114290,6.5,7,2026-04-10,118623.5,2025-09-10,Yes,ACC00636
DEP00264,CUST00578,DEP001,Regular Fixed Deposit,Fixed Deposit,Active,241951,6.5,50,2029-06-02,307479.4,2025-04-04,Yes,ACC00639
DEP00265,CUST00581,DEP004,Tax Saving Fixed Deposit,Tax Saving FD,Active,480409,6.5,79,2031-12-30,685984.02,2025-06-03,No,ACC00642
DEP00266,CUST00584,DEP001,Regular Fixed Deposit,Fixed Deposit,Active,180323,6.5,21,2023-12-23,200834.74,2022-03-25,Yes,ACC00645
DEP00267,CUST00585,DEP003,Recurring Deposit,Recurring Deposit,Active,1159364,6.5,43,2024-10-04,1429399.2,2021-03-07,Yes,ACC00646
DEP00268,CUST00586,DEP001,Regular Fixed Deposit,Fixed Deposit,Active,87993,6.5,58,2025-10-15,115637.47,2020-12-17,No,ACC00648
DEP00269,CUST00587,DEP001,Regular Fixed Deposit,Fixed Deposit,Active,160567,6.5,19,2025-10-28,177092.02,2024-03-30,No,ACC00649
DEP00270,CUST00588,DEP001,Regular Fixed Deposit,Fixed Deposit,Active,1824672,6.5,48,2030-07-17,2299086.72,2026-07-19,Yes,ACC00650
DEP00271,CUST00590,DEP001,Regular Fixed Deposit,Fixed Deposit,Active,39595,6.5,79,2027-06-23,56538.36,2020-11-25,Yes,ACC00653
DEP00272,CUST00591,DEP001,Regular Fixed Deposit,Fixed Deposit,Active,1360059,6.5,43,2028-11-06,1676839.41,2025-04-09,Yes,ACC00654
DEP00273,CUST00592,DEP001,Regular Fixed Deposit,Fixed Deposit,Active,811607,6.5,36,2022-08-25,969870.37,2019-08-27,No,ACC00656
DEP00274,CUST00593,DEP001,Regular Fixed Deposit,Fixed Deposit,Active,152069,6.5,54,2026-08-06,196549.18,2022-02-07,No,ACC00657
DEP00275,CUST00594,DEP001,Regular Fixed Deposit,Fixed Deposit,Active,1027582,6.5,62,2029-10-25,1372678.29,2024-08-28,Yes,ACC00658
DEP00276,CUST00595,DEP004,Tax Saving Fixed Deposit,Tax Saving FD,Active,43386,6.5,43,2025-01-20,53491.32,2021-06-23,No,ACC00659
DEP00277,CUST00596,DEP001,Regular Fixed Deposit,Fixed Deposit,Active,25692,6.5,24,2022-09-14,29031.96,2020-09-15,No,ACC00660
DEP00278,CUST00599,DEP001,Regular Fixed Deposit,Fixed Deposit,Active,334614,6.5,60,2027-03-14,443363.55,2022-03-16,No,ACC00663
DEP00279,CUST00600,DEP001,Regular Fixed Deposit,Fixed Deposit,Active,383753,6.5,49,2029-12-21,485607.44,2025-11-23,No,ACC00664
DEP00280,CUST00603,DEP001,Regular Fixed Deposit,Fixed Deposit,Active,203272,6.5,42,2028-08-24,249516.38,2025-02-25,No,ACC00667
DEP00281,CUST00605,DEP001,Regular Fixed Deposit,Fixed Deposit,Active,246236,6.5,17,2025-02-06,268910.23,2023-09-09,No,ACC00670
DEP00282,CUST00606,DEP004,Tax Saving Fixed Deposit,Tax Saving FD,Active,245299,6.5,37,2023-05-28,294461.01,2020-04-29,No,ACC00672
DEP00283,CUST00607,DEP002,Senior Citizen Fixed Deposit,Fixed Deposit,Active,147285,7.0,80,2024-09-13,216018.0,2018-01-16,Yes,ACC00673
DEP00284,CUST00609,DEP001,Regular Fixed Deposit,Fixed Deposit,Active,238516,6.5,34,2025-05-30,282442.7,2022-08-01,Yes,ACC00676
DEP00285,CUST00611,DEP001,Regular Fixed Deposit,Fixed Deposit,Active,1865207,6.5,46,2029-03-04,2329954.41,2025-05-06,No,ACC00679
DEP00286,CUST00615,DEP001,Regular Fixed Deposit,Fixed Deposit,Active,659801,6.5,17,2025-08-07,720557.68,2024-03-09,No,ACC00684
DEP00287,CUST00616,DEP003,Recurring Deposit,Recurring Deposit,Active,804018,6.5,32,2027-08-22,943381.12,2024-12-23,Yes,ACC00685
DEP00288,CUST00621,DEP002,Senior Citizen Fixed Deposit,Fixed Deposit,Active,1242034,7.0,80,2023-11-20,1821649.87,2017-03-24,Yes,ACC00692
DEP00289,CUST00624,DEP001,Regular Fixed Deposit,Fixed Deposit,Active,57065,6.5,31,2025-07-10,66647.16,2022-12-11,Yes,ACC00695
DEP00290,CUST00626,DEP001,Regular Fixed Deposit,Fixed Deposit,Active,296046,6.5,12,2026-10-13,315288.99,2025-10-14,Yes,ACC00697
DEP00291,CUST00629,DEP004,Tax Saving Fixed Deposit,Tax Saving FD,Active,396682,6.5,13,2026-07-20,424615.02,2025-06-20,Yes,ACC00702
DEP00292,CUST00632,DEP003,Recurring Deposit,Recurring Deposit,Active,519092,6.5,21,2022-05-19,578138.71,2020-08-19,Yes,ACC00705
DEP00293,CUST00635,DEP001,Regular Fixed Deposit,Fixed Deposit,Active,97510,6.5,44,2028-08-23,120749.88,2024-12-25,Yes,ACC00708
DEP00294,CUST00637,DEP002,Senior Citizen Fixed Deposit,Fixed Deposit,Active,389246,7.0,47,2022-08-03,495964.28,2018-09-05,Yes,ACC00710
DEP00295,CUST00639,DEP001,Regular Fixed Deposit,Fixed Deposit,Active,319971,6.5,8,2025-12-04,333836.41,2025-04-05,Yes,ACC00712
DEP00296,CUST00640,DEP003,Recurring Deposit,Recurring Deposit,Active,303884,6.5,70,2025-05-14,419106.68,2019-07-17,No,ACC00713
DEP00297,CUST00641,DEP003,Recurring Deposit,Recurring Deposit,Active,242177,6.5,66,2031-06-08,328755.28,2025-12-10,Yes,ACC00714
DEP00298,CUST00642,DEP001,Regular Fixed Deposit,Fixed Deposit,Active,669438,6.5,79,2032-01-07,955901.68,2025-06-11,No,ACC00715
DEP00299,CUST00648,DEP001,Regular Fixed Deposit,Fixed Deposit,Active,131929,6.5,81,2033-03-20,189812.85,2026-06-23,No,ACC00722
DEP00300,CUST00651,DEP001,Regular Fixed Deposit,Fixed Deposit,Active,59358,6.5,10,2026-05-22,62573.22,2025-07-22,Yes,ACC00726
DEP00301,CUST00652,DEP001,Regular Fixed Deposit,Fixed Deposit,Active,2124362,6.5,11,2022-11-03,2250938.57,2021-12-04,Yes,ACC00728
DEP00302,CUST00655,DEP004,Tax Saving Fixed Deposit,Tax Saving FD,Active,350401,6.5,19,2027-08-01,386463.1,2026-01-01,Yes,ACC00731
DEP00303,CUST00659,DEP003,Recurring Deposit,Recurring Deposit,Active,176308,6.5,51,2028-09-13,225013.09,2024-06-16,Yes,ACC00735
DEP00304,CUST00662,DEP002,Senior Citizen Fixed Deposit,Fixed Deposit,Active,257874,7.0,64,2027-07-23,354146.96,2022-03-26,No,ACC00738
DEP00305,CUST00663,DEP001,Regular Fixed Deposit,Fixed Deposit,Active,68949,6.5,35,2029-03-30,82020.58,2026-05-01,Yes,ACC00739
DEP00306,CUST00664,DEP001,Regular Fixed Deposit,Fixed Deposit,Active,628658,6.5,26,2023-01-23,717194.0,2020-11-24,Yes,ACC00740
DEP00307,CUST00667,DEP003,Recurring Deposit,Recurring Deposit,Active,930789,6.5,6,2019-01-21,961039.64,2018-07-23,Yes,ACC00743
DEP00308,CUST00670,DEP001,Regular Fixed Deposit,Fixed Deposit,Active,815478,6.5,43,2022-11-20,1005416.42,2019-04-23,No,ACC00746
DEP00309,CUST00674,DEP001,Regular Fixed Deposit,Fixed Deposit,Active,923883,6.5,8,2026-07-12,963917.93,2025-11-11,Yes,ACC00750
DEP00310,CUST00676,DEP004,Tax Saving Fixed Deposit,Tax Saving FD,Active,18145,6.5,77,2031-08-25,25712.98,2025-03-29,Yes,ACC00752
DEP00311,CUST00677,DEP003,Recurring Deposit,Recurring Deposit,Active,57821,6.5,16,2027-11-16,62832.15,2026-07-18,No,ACC00754
DEP00312,CUST00678,DEP001,Regular Fixed Deposit,Fixed Deposit,Active,69880,6.5,34,2029-03-17,82749.57,2026-05-19,No,ACC00755
DEP00313,CUST00681,DEP001,Regular Fixed Deposit,Fixed Deposit,Active,70104,6.5,76,2032-11-03,98963.48,2026-07-08,Yes,ACC00758
DEP00314,CUST00682,DEP001,Regular Fixed Deposit,Fixed Deposit,Active,97261,6.5,73,2029-11-10,135719.62,2023-10-14,Yes,ACC00759
DEP00315,CUST00684,DEP004,Tax Saving Fixed Deposit,Tax Saving FD,Active,194259,6.5,16,2021-06-09,211094.78,2020-02-09,Yes,ACC00761
DEP00316,CUST00685,DEP001,Regular Fixed Deposit,Fixed Deposit,Active,642653,6.5,48,2026-05-12,809742.78,2022-05-14,No,ACC00762
DEP00317,CUST00692,DEP001,Regular Fixed Deposit,Fixed Deposit,Active,178611,6.5,76,2031-09-28,252139.2,2025-06-01,Yes,ACC00770
DEP00318,CUST00694,DEP003,Recurring Deposit,Recurring Deposit,Active,102362,6.5,84,2030-10-24,148936.71,2023-10-28,No,ACC00773
DEP00319,CUST00695,DEP004,Tax Saving Fixed Deposit,Tax Saving FD,Active,109022,6.5,53,2026-05-18,140320.4,2021-12-19,Yes,ACC00774
DEP00320,CUST00696,DEP004,Tax Saving Fixed Deposit,Tax Saving FD,Active,611748,6.5,31,2027-11-03,714470.69,2025-04-05,No,ACC00775
DEP00321,CUST00697,DEP003,Recurring Deposit,Recurring Deposit,Active,394648,6.5,65,2029-04-14,533596.98,2023-11-16,No,ACC00776
DEP00322,CUST00698,DEP004,Tax Saving Fixed Deposit,Tax Saving FD,Active,1663172,6.5,16,2023-03-01,1807313.57,2021-10-31,No,ACC00777
DEP00323,CUST00699,DEP001,Regular Fixed Deposit,Fixed Deposit,Active,54938,6.5,76,2027-12-08,77554.14,2021-08-11,No,ACC00779
DEP00324,CUST00706,DEP003,Recurring Deposit,Recurring Deposit,Active,443304,6.5,47,2022-02-06,556161.81,2018-03-11,Yes,ACC00786
DEP00325,CUST00707,DEP001,Regular Fixed Deposit,Fixed Deposit,Active,37087,6.5,47,2024-01-26,46528.73,2020-02-28,Yes,ACC00787
DEP00326,CUST00711,DEP001,Regular Fixed Deposit,Fixed Deposit,Active,325412,6.5,21,2028-01-16,362427.61,2026-04-18,Yes,ACC00792
DEP00327,CUST00713,DEP003,Recurring Deposit,Recurring Deposit,Active,196096,6.5,6,2026-12-28,202469.12,2026-06-29,No,ACC00794
DEP00328,CUST00715,DEP004,Tax Saving Fixed Deposit,Tax Saving FD,Active,482871,6.5,57,2027-07-20,631957.42,2022-10-22,No,ACC00796
DEP00329,CUST00716,DEP001,Regular Fixed Deposit,Fixed Deposit,Active,141848,6.5,17,2020-06-12,154909.84,2019-01-13,Yes,ACC00798
DEP00330,CUST00725,DEP001,Regular Fixed Deposit,Fixed Deposit,Active,1939429,6.5,6,2024-02-21,2002460.44,2023-08-23,Yes,ACC00809
DEP00331,CUST00727,DEP001,Regular Fixed Deposit,Fixed Deposit,Active,454740,6.5,63,2031-03-19,609920.03,2025-12-20,No,ACC00811
DEP00332,CUST00728,DEP001,Regular Fixed Deposit,Fixed Deposit,Active,128979,6.5,17,2027-11-07,140855.82,2026-06-09,Yes,ACC00812
DEP00333,CUST00732,DEP004,Tax Saving Fixed Deposit,Tax Saving FD,Active,36443,6.5,77,2025-01-08,51642.77,2018-08-13,Yes,ACC00816
DEP00334,CUST00735,DEP004,Tax Saving Fixed Deposit,Tax Saving FD,Active,99164,6.5,34,2029-04-08,117426.7,2026-06-10,No,ACC00820
DEP00335,CUST00737,DEP003,Recurring Deposit,Recurring Deposit,Active,66312,6.5,67,2025-08-11,90377.73,2020-01-14,Yes,ACC00822
DEP00336,CUST00738,DEP001,Regular Fixed Deposit,Fixed Deposit,Active,32964,6.5,53,2030-10-30,42427.42,2026-06-02,Yes,ACC00823
DEP00337,CUST00741,DEP003,Recurring Deposit,Recurring Deposit,Active,618208,6.5,9,2025-11-04,648345.64,2025-02-04,Yes,ACC00826
DEP00338,CUST00744,DEP001,Regular Fixed Deposit,Fixed Deposit,Active,897880,6.5,61,2029-05-23,1194554.52,2024-04-25,No,ACC00830
DEP00339,CUST00747,DEP001,Regular Fixed Deposit,Fixed Deposit,Active,133574,6.5,66,2026-01-18,181326.7,2020-07-22,No,ACC00833
DEP00340,CUST00748,DEP004,Tax Saving Fixed Deposit,Tax Saving FD,Active,141082,6.5,55,2030-03-13,183112.68,2025-08-14,Yes,ACC00834
DEP00341,CUST00749,DEP001,Regular Fixed Deposit,Fixed Deposit,Active,119012,6.5,11,2026-03-19,126103.13,2025-04-19,No,ACC00835
DEP00342,CUST00754,DEP001,Regular Fixed Deposit,Fixed Deposit,Active,118105,6.5,31,2025-04-02,137936.8,2022-09-03,No,ACC00842
DEP00343,CUST00755,DEP001,Regular Fixed Deposit,Fixed Deposit,Active,91432,6.5,70,2028-11-27,126099.97,2023-01-30,Yes,ACC00843
DEP00344,CUST00757,DEP002,Senior Citizen Fixed Deposit,Fixed Deposit,Active,90170,7.0,55,2028-09-14,119099.54,2024-02-16,No,ACC00845
DEP00345,CUST00758,DEP001,Regular Fixed Deposit,Fixed Deposit,Active,127280,6.5,17,2027-06-02,139000.37,2026-01-02,No,ACC00846
DEP00346,CUST00759,DEP001,Regular Fixed Deposit,Fixed Deposit,Active,675590,6.5,16,2026-09-17,734141.13,2025-05-19,Yes,ACC00847
DEP00347,CUST00761,DEP001,Regular Fixed Deposit,Fixed Deposit,Active,1703563,6.5,58,2030-08-07,2238765.71,2025-10-09,Yes,ACC00849
DEP00348,CUST00763,DEP004,Tax Saving Fixed Deposit,Tax Saving FD,Active,1072442,6.5,72,2026-02-03,1490694.38,2020-02-07,Yes,ACC00851
DEP00349,CUST00764,DEP001,Regular Fixed Deposit,Fixed Deposit,Active,1033849,6.5,6,2026-09-29,1067449.09,2026-03-31,Yes,ACC00853
DEP00350,CUST00768,DEP001,Regular Fixed Deposit,Fixed Deposit,Active,48813,6.5,38,2022-08-31,58860.34,2019-07-03,No,ACC00858
DEP00351,CUST00769,DEP003,Recurring Deposit,Recurring Deposit,Active,1545330,6.5,11,2024-08-26,1637405.91,2023-09-27,Yes,ACC00859
DEP00352,CUST00773,DEP001,Regular Fixed Deposit,Fixed Deposit,Active,797917,6.5,17,2019-03-10,871391.86,2017-10-10,Yes,ACC00864
DEP00353,CUST00774,DEP001,Regular Fixed Deposit,Fixed Deposit,Active,1148678,6.5,16,2022-12-26,1248230.09,2021-08-27,Yes,ACC00865
DEP00354,CUST00777,DEP001,Regular Fixed Deposit,Fixed Deposit,Active,287489,6.5,10,2024-04-25,303061.32,2023-06-26,Yes,ACC00869
DEP00355,CUST00780,DEP001,Regular Fixed Deposit,Fixed Deposit,Active,183272,6.5,39,2024-07-18,221988.21,2021-04-20,No,ACC00873
DEP00356,CUST00781,DEP001,Regular Fixed Deposit,Fixed Deposit,Active,1194363,6.5,60,2030-07-31,1582530.97,2025-08-02,No,ACC00874
DEP00357,CUST00783,DEP004,Tax Saving Fixed Deposit,Tax Saving FD,Active,328300,6.5,33,2025-11-18,386983.62,2023-02-19,No,ACC00876
DEP00358,CUST00785,DEP003,Recurring Deposit,Recurring Deposit,Active,55922,6.5,6,2019-08-07,57739.46,2019-02-06,Yes,ACC00878
DEP00359,CUST00786,DEP003,Recurring Deposit,Recurring Deposit,Active,51950,6.5,69,2028-08-06,71366.31,2022-11-09,No,ACC00879
DEP00360,CUST00788,DEP001,Regular Fixed Deposit,Fixed Deposit,Active,1652792,6.5,36,2028-06-04,1975086.44,2025-06-06,Yes,ACC00882
DEP00361,CUST00789,DEP001,Regular Fixed Deposit,Fixed Deposit,Active,449124,6.5,81,2028-12-05,646177.16,2022-03-10,No,ACC00883
DEP00362,CUST00790,DEP001,Regular Fixed Deposit,Fixed Deposit,Active,155606,6.5,47,2029-12-17,195220.69,2026-01-19,Yes,ACC00884
DEP00363,CUST00792,DEP001,Regular Fixed Deposit,Fixed Deposit,Active,197605,6.5,25,2026-10-07,224364.01,2024-09-07,Yes,ACC00886
DEP00364,CUST00794,DEP001,Regular Fixed Deposit,Fixed Deposit,Active,16113,6.5,81,2032-01-18,23182.58,2025-04-22,No,ACC00888
DEP00365,CUST00796,DEP003,Recurring Deposit,Recurring Deposit,Active,804965,6.5,71,2029-10-18,1114541.12,2023-11-21,Yes,ACC00890
DEP00366,CUST00797,DEP001,Regular Fixed Deposit,Fixed Deposit,Active,444411,6.5,57,2029-01-31,581622.9,2024-05-05,No,ACC00892
DEP00367,CUST00800,DEP001,Regular Fixed Deposit,Fixed Deposit,Active,42072,6.5,48,2030-04-07,53010.72,2026-04-09,No,ACC00895
DEP00368,CUST00801,DEP001,Regular Fixed Deposit,Fixed Deposit,Active,43571,6.5,19,2027-02-13,48055.18,2025-07-16,No,ACC00896
DEP00369,CUST00802,DEP001,Regular Fixed Deposit,Fixed Deposit,Active,478873,6.5,29,2025-11-17,554095.97,2023-06-20,Yes,ACC00897
DEP00370,CUST00803,DEP004,Tax Saving Fixed Deposit,Tax Saving FD,Active,78588,6.5,57,2026-08-27,102852.05,2021-11-29,Yes,ACC00898
DEP00371,CUST00804,DEP003,Recurring Deposit,Recurring Deposit,Active,46874,6.5,7,2024-10-10,48651.31,2024-03-12,No,ACC00899
DEP00372,CUST00806,DEP001,Regular Fixed Deposit,Fixed Deposit,Active,1302014,6.5,58,2024-11-06,1711063.4,2020-01-09,No,ACC00901
DEP00373,CUST00807,DEP001,Regular Fixed Deposit,Fixed Deposit,Active,107641,6.5,79,2029-10-01,153702.38,2023-03-06,Yes,ACC00902
DEP00374,CUST00809,DEP001,Regular Fixed Deposit,Fixed Deposit,Active,1307835,6.5,18,2027-01-28,1435348.91,2025-07-30,Yes,ACC00904
DEP00375,CUST00811,DEP004,Tax Saving Fixed Deposit,Tax Saving FD,Active,429652,6.5,78,2032-04-07,611179.97,2025-10-10,Yes,ACC00906
DEP00376,CUST00813,DEP004,Tax Saving Fixed Deposit,Tax Saving FD,Active,301761,6.5,84,2033-04-02,439062.26,2026-04-06,Yes,ACC00908
DEP00377,CUST00815,DEP003,Recurring Deposit,Recurring Deposit,Active,340887,6.5,16,2025-11-07,370430.54,2024-07-09,Yes,ACC00910
DEP00378,CUST00825,DEP001,Regular Fixed Deposit,Fixed Deposit,Active,28748,6.5,9,2026-01-28,30149.47,2025-04-30,No,ACC00920
DEP00379,CUST00826,DEP001,Regular Fixed Deposit,Fixed Deposit,Active,1017695,6.5,55,2028-05-21,1320883.3,2023-10-23,Yes,ACC00921
DEP00380,CUST00828,DEP001,Regular Fixed Deposit,Fixed Deposit,Active,253901,6.5,46,2026-09-24,317164.67,2022-11-26,No,ACC00923
DEP00381,CUST00835,DEP001,Regular Fixed Deposit,Fixed Deposit,Active,378893,6.5,64,2028-12-29,510242.57,2023-09-02,Yes,ACC00930
DEP00382,CUST00837,DEP001,Regular Fixed Deposit,Fixed Deposit,Active,167347,6.5,68,2031-06-10,228986.48,2025-10-12,No,ACC00932
DEP00383,CUST00841,DEP004,Tax Saving Fixed Deposit,Tax Saving FD,Active,114236,6.5,59,2024-06-09,150743.92,2019-07-13,No,ACC00936
DEP00384,CUST00842,DEP001,Regular Fixed Deposit,Fixed Deposit,Active,235381,6.5,82,2031-03-22,339929.39,2024-05-25,Yes,ACC00937
DEP00385,CUST00843,DEP001,Regular Fixed Deposit,Fixed Deposit,Active,115231,6.5,75,2030-12-02,162043.59,2024-09-04,Yes,ACC00938
DEP00386,CUST00844,DEP001,Regular Fixed Deposit,Fixed Deposit,Active,60213,6.5,80,2033-01-27,86305.3,2026-06-01,Yes,ACC00939
DEP00387,CUST00847,DEP002,Senior Citizen Fixed Deposit,Fixed Deposit,Active,1024526,7.0,60,2030-10-04,1383110.1,2025-10-06,Yes,ACC00942
DEP00388,CUST00849,DEP003,Recurring Deposit,Recurring Deposit,Active,105754,6.5,32,2026-03-22,124084.69,2023-07-24,No,ACC00945
DEP00389,CUST00851,DEP004,Tax Saving Fixed Deposit,Tax Saving FD,Active,629588,6.5,12,2026-11-01,670511.22,2025-11-02,No,ACC00947
DEP00390,CUST00855,DEP001,Regular Fixed Deposit,Fixed Deposit,Active,261377,6.5,30,2028-02-01,303850.76,2025-08-03,Yes,ACC00951
DEP00391,CUST00856,DEP001,Regular Fixed Deposit,Fixed Deposit,Active,29073,6.5,42,2029-11-13,35687.11,2026-05-17,Yes,ACC00952
DEP00392,CUST00859,DEP001,Regular Fixed Deposit,Fixed Deposit,Active,76108,6.5,61,2029-09-05,101255.35,2024-08-08,No,ACC00955
DEP00393,CUST00861,DEP004,Tax Saving Fixed Deposit,Tax Saving FD,Active,25493,6.5,6,2020-08-20,26321.52,2020-02-20,Yes,ACC00957
DEP00394,CUST00866,DEP002,Senior Citizen Fixed Deposit,Fixed Deposit,Active,232393,7.0,60,2026-03-21,313730.55,2021-03-23,Yes,ACC00962
DEP00395,CUST00867,DEP004,Tax Saving Fixed Deposit,Tax Saving FD,Active,210877,6.5,68,2030-02-11,288550.03,2024-06-15,Yes,ACC00963
DEP00396,CUST00868,DEP001,Regular Fixed Deposit,Fixed Deposit,Active,187485,6.5,7,2025-11-17,194593.81,2025-04-19,No,ACC00964
DEP00397,CUST00870,DEP003,Recurring Deposit,Recurring Deposit,Active,443157,6.5,69,2026-08-23,608786.93,2020-11-25,Yes,ACC00966
DEP00398,CUST00874,DEP003,Recurring Deposit,Recurring Deposit,Active,153710,6.5,75,2031-02-10,216154.69,2024-11-13,No,ACC00970
DEP00399,CUST00875,DEP004,Tax Saving Fixed Deposit,Tax Saving FD,Active,332618,6.5,33,2024-05-03,392073.47,2021-08-04,No,ACC00971
DEP00400,CUST00877,DEP001,Regular Fixed Deposit,Fixed Deposit,Active,29397,6.5,61,2030-07-21,39110.26,2025-06-23,No,ACC00973
DEP00401,CUST00880,DEP001,Regular Fixed Deposit,Fixed Deposit,Active,34258,6.5,58,2028-06-14,45020.72,2023-08-17,Yes,ACC00977
DEP00402,CUST00881,DEP004,Tax Saving Fixed Deposit,Tax Saving FD,Active,44450,6.5,48,2029-11-09,56007.0,2025-11-11,No,ACC00978
DEP00403,CUST00882,DEP001,Regular Fixed Deposit,Fixed Deposit,Active,61170,6.5,78,2029-09-06,87014.33,2023-03-11,No,ACC00979
DEP00404,CUST00884,DEP001,Regular Fixed Deposit,Fixed Deposit,Active,241752,6.5,44,2022-01-12,299369.56,2018-05-16,Yes,ACC00982
DEP00405,CUST00886,DEP001,Regular Fixed Deposit,Fixed Deposit,Active,95303,6.5,8,2025-07-14,99432.8,2024-11-13,No,ACC00985
DEP00406,CUST00887,DEP004,Tax Saving Fixed Deposit,Tax Saving FD,Active,1043157,6.5,77,2031-09-24,1478240.4,2025-04-28,No,ACC00986
DEP00407,CUST00891,DEP002,Senior Citizen Fixed Deposit,Fixed Deposit,Active,1210163,7.0,29,2022-12-27,1414882.24,2020-07-29,Yes,ACC00990
DEP00408,CUST00892,DEP001,Regular Fixed Deposit,Fixed Deposit,Active,171367,6.5,80,2029-05-08,245626.03,2022-09-10,No,ACC00991
DEP00409,CUST00894,DEP002,Senior Citizen Fixed Deposit,Fixed Deposit,Active,45979,7.0,14,2026-02-24,49733.95,2024-12-26,No,ACC00993
DEP00410,CUST00895,DEP001,Regular Fixed Deposit,Fixed Deposit,Active,206731,6.5,31,2028-10-05,241444.58,2026-03-08,Yes,ACC00994
DEP00411,CUST00897,DEP003,Recurring Deposit,Recurring Deposit,Active,128963,6.5,6,2026-11-05,133154.3,2026-05-07,No,ACC00996
DEP00412,CUST00898,DEP001,Regular Fixed Deposit,Fixed Deposit,Active,438178,6.5,69,2030-12-12,601947.03,2025-03-16,Yes,ACC00997
DEP00413,CUST00899,DEP004,Tax Saving Fixed Deposit,Tax Saving FD,Active,674869,6.5,24,2027-06-11,762601.97,2025-06-12,Yes,ACC00998
DEP00414,CUST00900,DEP001,Regular Fixed Deposit,Fixed Deposit,Active,498113,6.5,68,2030-01-12,681584.62,2024-05-16,No,ACC00999
DEP00415,CUST00901,DEP001,Regular Fixed Deposit,Fixed Deposit,Active,69984,6.5,40,2029-04-27,85147.2,2025-12-28,Yes,ACC01000
DEP00416,CUST00903,DEP001,Regular Fixed Deposit,Fixed Deposit,Active,160237,6.5,57,2023-03-09,209710.17,2018-06-11,Yes,ACC01002
DEP00417,CUST00904,DEP001,Regular Fixed Deposit,Fixed Deposit,Active,958834,6.5,59,2030-09-09,1265261.37,2025-10-12,Yes,ACC01003
DEP00418,CUST00906,DEP001,Regular Fixed Deposit,Fixed Deposit,Active,1083293,6.5,26,2027-11-20,1235856.76,2025-09-21,Yes,ACC01005
DEP00419,CUST00907,DEP001,Regular Fixed Deposit,Fixed Deposit,Active,330737,6.5,65,2030-01-14,447183.99,2024-08-17,No,ACC01006
DEP00420,CUST00912,DEP001,Regular Fixed Deposit,Fixed Deposit,Active,138782,6.5,27,2023-08-27,159078.87,2021-05-29,Yes,ACC01012
DEP00421,CUST00913,DEP004,Tax Saving Fixed Deposit,Tax Saving FD,Active,239838,6.5,41,2027-07-02,293102.02,2024-02-02,Yes,ACC01013
DEP00422,CUST00915,DEP003,Recurring Deposit,Recurring Deposit,Active,296973,6.5,79,2032-12-29,424052.7,2026-06-03,No,ACC01015
DEP00423,CUST00916,DEP003,Recurring Deposit,Recurring Deposit,Active,686630,6.5,26,2028-01-03,783330.39,2025-11-04,Yes,ACC01016
DEP00424,CUST00920,DEP003,Recurring Deposit,Recurring Deposit,Active,302910,6.5,42,2026-07-31,371822.03,2023-02-01,No,ACC01020
DEP00425,CUST00922,DEP001,Regular Fixed Deposit,Fixed Deposit,Active,1144294,6.5,84,2032-11-06,1664947.77,2025-11-10,No,ACC01022
DEP00426,CUST00923,DEP001,Regular Fixed Deposit,Fixed Deposit,Active,177377,6.5,80,2031-09-02,254240.37,2025-01-04,No,ACC01023
DEP00427,CUST00926,DEP001,Regular Fixed Deposit,Fixed Deposit,Active,369455,6.5,26,2027-07-13,421486.58,2025-05-14,No,ACC01026
DEP00428,CUST00929,DEP001,Regular Fixed Deposit,Fixed Deposit,Active,19888,6.5,77,2031-11-12,28182.95,2025-06-16,Yes,ACC01029
DEP00429,CUST00930,DEP003,Recurring Deposit,Recurring Deposit,Active,377547,6.5,22,2026-12-14,422538.02,2025-02-14,Yes,ACC01030
DEP00430,CUST00931,DEP001,Regular Fixed Deposit,Fixed Deposit,Active,85298,6.5,19,2027-11-27,94076.59,2026-04-29,Yes,ACC01031
DEP00431,CUST00932,DEP001,Regular Fixed Deposit,Fixed Deposit,Active,637907,6.5,46,2029-01-11,796852.16,2025-03-15,No,ACC01033
DEP00432,CUST00934,DEP001,Regular Fixed Deposit,Fixed Deposit,Active,272526,6.5,49,2021-10-10,344858.94,2017-09-12,No,ACC01035
DEP00433,CUST00936,DEP001,Regular Fixed Deposit,Fixed Deposit,Active,909298,6.5,49,2024-09-05,1150640.84,2020-08-08,No,ACC01037
DEP00434,CUST00940,DEP004,Tax Saving Fixed Deposit,Tax Saving FD,Active,43053,6.5,75,2032-03-17,60543.28,2025-12-19,Yes,ACC01042
DEP00435,CUST00942,DEP003,Recurring Deposit,Recurring Deposit,Active,86144,6.5,52,2021-08-20,110407.89,2017-04-23,No,ACC01044
DEP00436,CUST00946,DEP004,Tax Saving Fixed Deposit,Tax Saving FD,Active,187443,6.5,31,2027-09-05,218917.8,2025-02-05,Yes,ACC01049
DEP00437,CUST00948,DEP001,Regular Fixed Deposit,Fixed Deposit,Active,164197,6.5,18,2027-11-07,180206.21,2026-05-09,No,ACC01051
DEP00438,CUST00949,DEP003,Recurring Deposit,Recurring Deposit,Active,29969,6.5,25,2026-02-27,34027.3,2024-01-29,Yes,ACC01052
DEP00439,CUST00953,DEP003,Recurring Deposit,Recurring Deposit,Active,19343,6.5,81,2031-03-04,27829.74,2024-06-06,No,ACC01056
DEP00440,CUST00955,DEP002,Senior Citizen Fixed Deposit,Fixed Deposit,Active,31352,7.0,27,2022-12-20,36289.94,2020-09-21,No,ACC01058
DEP00441,CUST00957,DEP001,Regular Fixed Deposit,Fixed Deposit,Active,987694,6.5,49,2025-11-16,1249844.45,2021-10-19,No,ACC01060
DEP00442,CUST00960,DEP003,Recurring Deposit,Recurring Deposit,Active,704440,6.5,70,2031-04-21,971540.17,2025-06-23,No,ACC01065
DEP00443,CUST00963,DEP004,Tax Saving Fixed Deposit,Tax Saving FD,Active,220816,6.5,10,2021-07-29,232776.87,2020-09-28,No,ACC01068
DEP00444,CUST00965,DEP001,Regular Fixed Deposit,Fixed Deposit,Active,119998,6.5,62,2030-06-23,160297.33,2025-04-26,Yes,ACC01070
DEP00445,CUST00968,DEP001,Regular Fixed Deposit,Fixed Deposit,Active,54905,6.5,57,2025-08-08,71856.92,2020-11-10,Yes,ACC01073
DEP00446,CUST00970,DEP001,Regular Fixed Deposit,Fixed Deposit,Active,102104,6.5,47,2029-07-25,128097.98,2025-08-27,Yes,ACC01075
DEP00447,CUST00973,DEP001,Regular Fixed Deposit,Fixed Deposit,Active,10967,6.5,29,2027-03-29,12689.73,2024-10-29,Yes,ACC01079
DEP00448,CUST00978,DEP004,Tax Saving Fixed Deposit,Tax Saving FD,Active,151766,6.5,14,2024-10-24,163274.92,2023-08-26,Yes,ACC01084
DEP00449,CUST00979,DEP004,Tax Saving Fixed Deposit,Tax Saving FD,Active,12836,6.5,60,2030-04-12,17007.7,2025-04-14,No,ACC01085
DEP00450,CUST00981,DEP001,Regular Fixed Deposit,Fixed Deposit,Active,2030007,6.5,45,2030-02-27,2524821.21,2026-05-31,No,ACC01088
DEP00451,CUST00982,DEP002,Senior Citizen Fixed Deposit,Fixed Deposit,Active,153608,7.0,75,2032-02-26,220811.5,2025-11-29,Yes,ACC01089
DEP00452,CUST00984,DEP002,Senior Citizen Fixed Deposit,Fixed Deposit,Active,228137,7.0,61,2026-07-12,309315.75,2021-06-14,Yes,ACC01091
DEP00453,CUST00985,DEP001,Regular Fixed Deposit,Fixed Deposit,Active,314177,6.5,15,2022-02-03,339703.88,2020-11-04,No,ACC01092
DEP00454,CUST00986,DEP003,Recurring Deposit,Recurring Deposit,Active,22095,6.5,19,2025-10-28,24368.94,2024-03-30,Yes,ACC01093
DEP00455,CUST00990,DEP004,Tax Saving Fixed Deposit,Tax Saving FD,Active,382152,6.5,15,2018-12-11,413201.85,2017-09-11,No,ACC01097
DEP00456,CUST00991,DEP001,Regular Fixed Deposit,Fixed Deposit,Active,508301,6.5,46,2029-01-28,634952.67,2025-04-01,No,ACC01098
DEP00457,CUST00993,DEP004,Tax Saving Fixed Deposit,Tax Saving FD,Active,728222,6.5,64,2031-06-03,980672.29,2026-02-04,No,ACC01100
DEP00458,CUST00994,DEP001,Regular Fixed Deposit,Fixed Deposit,Active,166763,6.5,65,2031-09-03,225477.47,2026-04-06,No,ACC01101
DEP00459,CUST00996,DEP001,Regular Fixed Deposit,Fixed Deposit,Active,209254,6.5,30,2026-11-18,243257.78,2024-05-20,No,ACC01103
DEP00460,CUST00997,DEP001,Regular Fixed Deposit,Fixed Deposit,Active,118026,6.5,80,2028-12-22,169170.6,2022-04-26,No,ACC01104
DEP00461,CUST00999,DEP004,Tax Saving Fixed Deposit,Tax Saving FD,Active,419160,6.5,66,2031-03-25,569009.7,2025-09-26,Yes,ACC01106
